ApplicantIncome,CoapplicantIncome,Credit_History,Dependents,Education,Gender,LoanAmount,Loan_Amount_Term,Loan_ID,Loan_Status,Married,Property_Area,Self_Employed,source
5849,0,1,0,Graduate,Male,162.087707519531,360,LP001002,Y,No,Urban,No,Train
4583,1508,1,1,Graduate,Male,128,360,LP001003,N,Yes,Rural,No,Train
3000,0,1,0,Graduate,Male,66,360,LP001005,Y,Yes,Urban,Yes,Train
2583,2358,1,0,Not Graduate,Male,120,360,LP001006,Y,Yes,Urban,No,Train
6000,0,1,0,Graduate,Male,141,360,LP001008,Y,No,Urban,No,Train
5417,4196,1,2,Graduate,Male,267,360,LP001011,Y,Yes,Urban,Yes,Train
2333,1516,1,0,Not Graduate,Male,95,360,LP001013,Y,Yes,Urban,No,Train
3036,2504,0,3+,Graduate,Male,158,360,LP001014,N,Yes,Semiurban,No,Train
4006,1526,1,2,Graduate,Male,168,360,LP001018,Y,Yes,Urban,No,Train
12841,10968,1,1,Graduate,Male,349,360,LP001020,N,Yes,Semiurban,No,Train
3200,700,1,2,Graduate,Male,70,360,LP001024,Y,Yes,Urban,No,Train
2500,1840,1,2,Graduate,Male,109,360,LP001027,Y,Yes,Urban,"",Train
3073,8106,1,2,Graduate,Male,200,360,LP001028,Y,Yes,Urban,No,Train
1853,2840,1,0,Graduate,Male,114,360,LP001029,N,No,Rural,No,Train
1299,1086,1,2,Graduate,Male,17,120,LP001030,Y,Yes,Urban,No,Train
4950,0,1,0,Graduate,Male,125,360,LP001032,Y,No,Urban,No,Train
3596,0,0.791263222694397,1,Not Graduate,Male,100,240,LP001034,Y,No,Urban,No,Train
3510,0,0,0,Graduate,Female,76,360,LP001036,N,No,Urban,No,Train
4887,0,1,0,Not Graduate,Male,133,360,LP001038,N,Yes,Rural,No,Train
2600,3500,1,0,Graduate,Male,115,374.324096679688,LP001041,Y,Yes,Urban,"",Train
7660,0,0,0,Not Graduate,Male,104,360,LP001043,N,Yes,Urban,No,Train
5955,5625,1,1,Graduate,Male,315,360,LP001046,Y,Yes,Urban,No,Train
2600,1911,0,0,Not Graduate,Male,116,360,LP001047,N,Yes,Semiurban,No,Train
3365,1917,0,2,Not Graduate,"",112,360,LP001050,N,Yes,Rural,No,Train
3717,2925,0.91357433795929,1,Graduate,Male,151,360,LP001052,N,Yes,Semiurban,"",Train
9560,0,1,0,Graduate,Male,191,360,LP001066,Y,Yes,Semiurban,Yes,Train
2799,2253,1,0,Graduate,Male,122,360,LP001068,Y,Yes,Semiurban,No,Train
4226,1040,1,2,Not Graduate,Male,110,360,LP001073,Y,Yes,Urban,No,Train
1442,0,1,0,Not Graduate,Male,35,360,LP001086,N,No,Urban,No,Train
3750,2083,1,2,Graduate,Female,120,360,LP001087,Y,No,Semiurban,"",Train
4166,3369,0.935609817504883,1,Graduate,Male,201,360,LP001091,N,Yes,Urban,"",Train
3167,0,1,0,Graduate,Male,74,360,LP001095,N,No,Urban,No,Train
4692,0,1,1,Graduate,Male,106,360,LP001097,N,No,Rural,Yes,Train
3500,1667,1,0,Graduate,Male,114,360,LP001098,Y,Yes,Semiurban,No,Train
12500,3000,1,3+,Graduate,Male,320,360,LP001100,N,No,Rural,No,Train
2275,2067,1,0,Graduate,Male,161.500869750977,360,LP001106,Y,Yes,Urban,No,Train
1828,1330,0,0,Graduate,Male,100,325.761474609375,LP001109,N,Yes,Urban,No,Train
3667,1459,1,0,Graduate,Female,144,360,LP001112,Y,Yes,Semiurban,No,Train
4166,7210,1,0,Graduate,Male,184,360,LP001114,Y,No,Urban,No,Train
3748,1668,1,0,Not Graduate,Male,110,360,LP001116,Y,No,Semiurban,No,Train
3600,0,1,0,Graduate,Male,80,360,LP001119,N,No,Urban,No,Train
1800,1213,1,0,Graduate,Male,47,360,LP001120,Y,No,Urban,No,Train
2400,0,0.926864147186279,0,Graduate,Male,75,360,LP001123,Y,Yes,Urban,No,Train
3941,2336,1,0,Graduate,Male,134,360,LP001131,Y,Yes,Semiurban,No,Train
4695,0,1,0,Not Graduate,Male,96,352.739562988281,LP001136,Y,Yes,Urban,Yes,Train
3410,0,1,0,Graduate,Female,88,373.327178955078,LP001137,Y,No,Urban,No,Train
5649,0,1,1,Graduate,Male,44,360,LP001138,Y,Yes,Urban,No,Train
5821,0,1,0,Graduate,Male,144,360,LP001144,Y,Yes,Urban,No,Train
2645,3440,0,0,Graduate,Female,120,360,LP001146,N,Yes,Urban,No,Train
4000,2275,1,0,Graduate,Female,144,360,LP001151,Y,No,Semiurban,No,Train
1928,1644,1,0,Not Graduate,Female,100,360,LP001155,Y,Yes,Semiurban,No,Train
3086,0,1,0,Graduate,Female,120,360,LP001157,Y,No,Semiurban,No,Train
4230,0,1,0,Graduate,Female,112,360,LP001164,N,No,Semiurban,No,Train
4616,0,1,2,Graduate,Male,134,360,LP001179,N,Yes,Urban,No,Train
11500,0,0,1,Graduate,Female,286,360,LP001186,N,Yes,Urban,Yes,Train
2708,1167,1,2,Graduate,Male,97,360,LP001194,Y,Yes,Semiurban,No,Train
2132,1591,1,0,Graduate,Male,96,360,LP001195,Y,Yes,Semiurban,No,Train
3366,2200,1,0,Graduate,Male,135,360,LP001197,N,Yes,Rural,No,Train
8080,2250,1,1,Graduate,Male,180,360,LP001198,Y,Yes,Urban,No,Train
3357,2859,1,2,Not Graduate,Male,144,360,LP001199,Y,Yes,Urban,No,Train
2500,3796,1,0,Graduate,Male,120,360,LP001205,Y,Yes,Urban,No,Train
3029,0,1,3+,Graduate,Male,99,360,LP001206,Y,Yes,Urban,No,Train
2609,3449,0,0,Not Graduate,Male,165,180,LP001207,N,Yes,Rural,Yes,Train
4945,0,0,1,Graduate,Male,160.809524536133,360,LP001213,N,Yes,Rural,No,Train
4166,0,0,0,Graduate,Female,116,360,LP001222,N,No,Semiurban,No,Train
5726,4595,1,0,Graduate,Male,258,360,LP001225,N,Yes,Semiurban,No,Train
3200,2254,0,0,Not Graduate,Male,126,180,LP001228,N,No,Urban,No,Train
10750,0,1,1,Graduate,Male,312,360,LP001233,Y,Yes,Urban,No,Train
7100,0,1,3+,Not Graduate,Male,125,60,LP001238,Y,Yes,Urban,Yes,Train
4300,0,0,0,Graduate,Female,136,360,LP001241,N,No,Semiurban,No,Train
3208,3066,1,0,Graduate,Male,172,360,LP001243,Y,Yes,Urban,No,Train
1875,1875,1,2,Not Graduate,Male,97,360,LP001245,Y,Yes,Semiurban,Yes,Train
3500,0,1,0,Graduate,Male,81,300,LP001248,Y,No,Semiurban,No,Train
4755,0,0,3+,Not Graduate,Male,95,305.103851318359,LP001250,N,Yes,Semiurban,No,Train
5266,1774,1,3+,Graduate,Male,187,360,LP001253,Y,Yes,Semiurban,Yes,Train
3750,0,1,0,Graduate,Male,113,480,LP001255,N,No,Urban,No,Train
3750,4750,1,0,Graduate,Male,176,360,LP001256,N,No,Urban,No,Train
1000,3022,1,1,Graduate,Male,110,360,LP001259,N,Yes,Urban,Yes,Train
3167,4000,0,3+,Graduate,Male,180,300,LP001263,N,Yes,Semiurban,No,Train
3333,2166,0.819522380828857,3+,Not Graduate,Male,130,360,LP001264,Y,Yes,Semiurban,Yes,Train
3846,0,1,0,Graduate,Female,111,360,LP001265,Y,No,Semiurban,No,Train
2395,0,1,1,Graduate,Male,162.771179199219,360,LP001266,Y,Yes,Semiurban,Yes,Train
1378,1881,1,2,Graduate,Female,167,360,LP001267,N,Yes,Urban,No,Train
6000,2250,0.921223640441895,0,Graduate,Male,265,360,LP001273,N,Yes,Semiurban,No,Train
3988,0,1,1,Graduate,Male,50,240,LP001275,Y,Yes,Urban,No,Train
2366,2531,1,0,Graduate,Male,136,360,LP001279,Y,No,Semiurban,No,Train
3333,2000,0.817513942718506,2,Not Graduate,Male,99,360,LP001280,Y,Yes,Semiurban,No,Train
2500,2118,1,0,Graduate,Male,104,360,LP001282,Y,Yes,Semiurban,No,Train
8566,0,1,0,Graduate,Male,210,360,LP001289,Y,No,Urban,No,Train
5695,4167,1,0,Graduate,Male,175,360,LP001310,Y,Yes,Semiurban,No,Train
2958,2900,1,0,Graduate,Male,131,360,LP001316,Y,Yes,Semiurban,No,Train
6250,5654,1,2,Graduate,Male,188,180,LP001318,Y,Yes,Semiurban,No,Train
3273,1820,1,2,Not Graduate,Male,81,360,LP001319,Y,Yes,Urban,No,Train
4133,0,1,0,Graduate,Male,122,360,LP001322,Y,No,Semiurban,No,Train
3620,0,1,0,Not Graduate,Male,25,120,LP001325,Y,No,Semiurban,No,Train
6782,0,0.933178305625916,0,Graduate,Male,161.476470947266,360,LP001326,N,No,Urban,"",Train
2484,2302,1,0,Graduate,Female,137,360,LP001327,Y,Yes,Semiurban,No,Train
1977,997,1,0,Graduate,Male,50,360,LP001333,Y,Yes,Semiurban,No,Train
4188,0,1,0,Not Graduate,Male,115,180,LP001334,Y,Yes,Semiurban,No,Train
1759,3541,1,0,Graduate,Male,131,360,LP001343,Y,Yes,Semiurban,No,Train
4288,3263,1,2,Not Graduate,Male,133,180,LP001345,Y,Yes,Urban,No,Train
4843,3806,1,0,Graduate,Male,151,360,LP001349,Y,No,Semiurban,No,Train
13650,0,1,"",Graduate,Male,164.596237182617,360,LP001350,Y,Yes,Urban,No,Train
4652,3583,1,0,Graduate,Male,164.471878051758,360,LP001356,Y,Yes,Semiurban,No,Train
3816,754,1,"",Graduate,Male,160,360,LP001357,Y,"",Urban,No,Train
3052,1030,1,1,Graduate,Male,100,360,LP001367,Y,Yes,Urban,No,Train
11417,1126,1,2,Graduate,Male,225,360,LP001369,Y,Yes,Urban,No,Train
7333,0,1,0,Not Graduate,Male,120,360,LP001370,N,No,Rural,"",Train
3800,3600,0,2,Graduate,Male,216,360,LP001379,N,Yes,Urban,No,Train
2071,754,1,3+,Not Graduate,Male,94,480,LP001384,Y,Yes,Semiurban,No,Train
5316,0,1,0,Graduate,Male,136,360,LP001385,Y,No,Urban,No,Train
2929,2333,1,0,Graduate,Female,139,360,LP001387,Y,Yes,Semiurban,"",Train
3572,4114,0,0,Not Graduate,Male,152,303.433349609375,LP001391,N,Yes,Rural,No,Train
7451,0,1,1,Graduate,Female,164.397003173828,360,LP001392,Y,No,Semiurban,Yes,Train
5050,0,1,0,Graduate,Male,118,360,LP001398,Y,No,Semiurban,"",Train
14583,0,1,1,Graduate,Male,185,180,LP001401,Y,Yes,Rural,No,Train
3167,2283,1,0,Graduate,Female,154,360,LP001404,Y,Yes,Semiurban,No,Train
2214,1398,0.927617788314819,1,Graduate,Male,85,360,LP001405,Y,Yes,Urban,No,Train
5568,2142,1,0,Graduate,Male,175,360,LP001421,N,Yes,Rural,No,Train
10408,0,1,0,Graduate,Female,259,360,LP001422,Y,No,Urban,No,Train
5667,2667,1,"",Graduate,Male,180,360,LP001426,Y,Yes,Rural,No,Train
4166,0,1,0,Graduate,Female,44,360,LP001430,Y,No,Semiurban,No,Train
2137,8980,0,0,Graduate,Female,137,360,LP001431,Y,No,Semiurban,No,Train
2957,0,1,2,Graduate,Male,81,360,LP001432,Y,Yes,Semiurban,No,Train
4300,2014,1,0,Not Graduate,Male,194,360,LP001439,Y,Yes,Rural,No,Train
3692,0,0.884174823760986,0,Graduate,Female,93,360,LP001443,Y,No,Rural,No,Train
23803,0,1,3+,Graduate,"",370,360,LP001448,Y,Yes,Rural,No,Train
3865,1640,1,0,Graduate,Male,174.545547485352,360,LP001449,Y,No,Rural,No,Train
10513,3850,0,1,Graduate,Male,160,180,LP001451,N,Yes,Urban,Yes,Train
6080,2569,0.89056932926178,0,Graduate,Male,182,360,LP001465,N,Yes,Rural,No,Train
20166,0,1.01173412799835,0,Graduate,Male,650,480,LP001469,Y,No,Urban,Yes,Train
2014,1929,1,0,Graduate,Male,74,360,LP001473,Y,No,Urban,No,Train
2718,0,1,0,Graduate,Male,70,360,LP001478,Y,No,Semiurban,No,Train
3459,0,1,0,Graduate,Male,25,120,LP001482,Y,Yes,Semiurban,Yes,Train
4895,0,1,0,Graduate,Male,102,360,LP001487,Y,No,Semiurban,No,Train
4000,7750,1,3+,Graduate,Male,290,360,LP001488,N,Yes,Semiurban,No,Train
4583,0,1,0,Graduate,Female,84,360,LP001489,N,Yes,Rural,No,Train
3316,3500,1,2,Graduate,Male,88,360,LP001491,Y,Yes,Urban,Yes,Train
14999,0,0,0,Graduate,Male,242,360,LP001492,N,No,Semiurban,No,Train
4200,1430,1,2,Not Graduate,Male,129,360,LP001493,N,Yes,Rural,No,Train
5042,2083,1,2,Graduate,Male,185,360,LP001497,N,Yes,Rural,No,Train
5417,0,1,0,Graduate,Male,168,360,LP001498,Y,No,Urban,No,Train
6950,0,1,0,Graduate,Male,175,180,LP001504,Y,No,Semiurban,Yes,Train
2698,2034,1,0,Graduate,Male,122,360,LP001507,Y,Yes,Semiurban,No,Train
11757,0,1,2,Graduate,Male,187,180,LP001508,Y,Yes,Urban,No,Train
2330,4486,1,0,Graduate,Female,100,360,LP001514,Y,Yes,Semiurban,No,Train
14866,0,1,2,Graduate,Female,70,360,LP001516,Y,Yes,Urban,No,Train
1538,1425,1,1,Graduate,Male,30,360,LP001518,Y,Yes,Urban,No,Train
10000,1666,1,0,Graduate,Female,225,360,LP001519,N,No,Rural,No,Train
4860,830,1,0,Graduate,Male,125,360,LP001520,Y,Yes,Semiurban,No,Train
6277,0,0,0,Graduate,Male,118,360,LP001528,N,No,Rural,No,Train
2577,3750,1,0,Graduate,Male,152,360,LP001529,Y,Yes,Rural,Yes,Train
9166,0,1,0,Graduate,Male,244,360,LP001531,N,No,Urban,No,Train
2281,0,1,2,Not Graduate,Male,113,360,LP001532,N,Yes,Rural,No,Train
3254,0,1,0,Graduate,Male,50,360,LP001535,Y,No,Urban,No,Train
39999,0,0,3+,Graduate,Male,600,180,LP001536,Y,Yes,Semiurban,No,Train
6000,0,0.888878583908081,1,Graduate,Male,160,360,LP001541,Y,Yes,Rural,No,Train
9538,0,1,1,Graduate,Male,187,360,LP001543,Y,Yes,Urban,No,Train
2980,2083,1,0,Graduate,Male,120,360,LP001546,Y,No,Rural,"",Train
4583,5625,1,0,Graduate,Male,255,360,LP001552,Y,Yes,Semiurban,No,Train
1863,1041,1,0,Not Graduate,Male,98,360,LP001560,Y,Yes,Semiurban,No,Train
7933,0,1,0,Graduate,Male,275,360,LP001562,N,Yes,Urban,No,Train
3089,1280,0,1,Graduate,Male,121,360,LP001565,N,Yes,Semiurban,No,Train
4167,1447,1,2,Graduate,Male,158,360,LP001570,Y,Yes,Rural,No,Train
9323,0,1,0,Graduate,Male,75,180,LP001572,Y,Yes,Urban,No,Train
3707,3166,1,0,Graduate,Male,182,373.311614990234,LP001574,Y,Yes,Rural,No,Train
4583,0,1,0,Graduate,Female,112,360,LP001577,N,Yes,Rural,No,Train
2439,3333,1,0,Graduate,Male,129,360,LP001578,Y,Yes,Rural,No,Train
2237,0,0,0,Graduate,Male,63,480,LP001579,N,No,Semiurban,No,Train
8000,0,1,2,Graduate,Male,200,360,LP001580,Y,Yes,Semiurban,No,Train
1820,1769,1,0,Not Graduate,Male,95,360,LP001581,Y,Yes,Rural,"",Train
51763,0,1,3+,Graduate,"",700,300,LP001585,Y,Yes,Urban,No,Train
3522,0,1,3+,Not Graduate,Male,81,180,LP001586,N,Yes,Rural,No,Train
5708,5625,1,0,Graduate,Male,187,360,LP001594,Y,Yes,Semiurban,No,Train
4344,736,1,0,Not Graduate,Male,87,360,LP001603,N,Yes,Semiurban,Yes,Train
3497,1964,1,0,Graduate,Male,116,360,LP001606,Y,Yes,Rural,No,Train
2045,1619,1,2,Graduate,Male,101,360,LP001608,Y,Yes,Rural,No,Train
5516,11300,0,3+,Graduate,Male,495,360,LP001610,N,Yes,Semiurban,No,Train
3750,0,1,1,Graduate,Male,116,360,LP001616,Y,Yes,Semiurban,No,Train
2333,1451,0,0,Not Graduate,Male,102,480,LP001630,N,No,Urban,No,Train
6400,7250,0,1,Graduate,Male,180,360,LP001633,N,Yes,Urban,No,Train
1916,5063,0.882716536521912,0,Graduate,Male,67,360,LP001634,N,No,Rural,No,Train
4600,0,1,0,Graduate,Male,73,180,LP001636,Y,Yes,Semiurban,No,Train
33846,0,1,1,Graduate,Male,260,360,LP001637,N,Yes,Semiurban,No,Train
3625,0,1,0,Graduate,Female,108,360,LP001639,Y,Yes,Semiurban,No,Train
39147,4750,1,0,Graduate,Male,120,360,LP001640,Y,Yes,Semiurban,Yes,Train
2178,0,0,1,Graduate,Male,66,300,LP001641,N,Yes,Rural,Yes,Train
2383,2138,0.881919145584106,0,Graduate,Male,58,360,LP001643,Y,Yes,Rural,No,Train
674,5296,1,0,Graduate,"",168,360,LP001644,Y,Yes,Rural,Yes,Train
9328,0,1,0,Graduate,Male,188,180,LP001647,Y,Yes,Rural,No,Train
4885,0,1,0,Not Graduate,Male,48,360,LP001653,Y,No,Rural,No,Train
12000,0,1,0,Graduate,Male,164,360,LP001656,N,No,Semiurban,No,Train
6033,0,1,0,Not Graduate,Male,160,360,LP001657,N,Yes,Urban,No,Train
3858,0,1,0,Graduate,Male,76,360,LP001658,Y,No,Semiurban,No,Train
4191,0,1,0,Graduate,Male,120,360,LP001664,Y,No,Rural,No,Train
3125,2583,1,1,Graduate,Male,170,360,LP001665,N,Yes,Semiurban,No,Train
8333,3750,1,0,Graduate,Male,187,360,LP001666,Y,No,Rural,No,Train
1907,2365,1,0,Not Graduate,Female,120,353.489318847656,LP001669,Y,No,Urban,No,Train
3416,2816,0.911069989204407,0,Graduate,Female,113,360,LP001671,Y,Yes,Semiurban,No,Train
11000,0,1,0,Graduate,Male,83,360,LP001673,N,No,Urban,Yes,Train
2600,2500,1,1,Not Graduate,Male,90,360,LP001674,Y,Yes,Semiurban,No,Train
4923,0,0,2,Graduate,Male,166,360,LP001677,Y,No,Semiurban,No,Train
3992,0,1,3+,Not Graduate,Male,115.689590454102,180,LP001682,N,Yes,Urban,No,Train
3500,1083,1,1,Not Graduate,Male,135,360,LP001688,Y,Yes,Urban,No,Train
3917,0,1,2,Not Graduate,Male,124,360,LP001691,Y,Yes,Semiurban,No,Train
4408,0,1,0,Not Graduate,Female,120,360,LP001692,Y,No,Semiurban,No,Train
3244,0,1,0,Graduate,Female,80,360,LP001693,Y,No,Urban,No,Train
3975,2531,1,0,Not Graduate,Male,55,360,LP001698,Y,No,Rural,No,Train
2479,0,1,0,Graduate,Male,59,360,LP001699,Y,No,Urban,No,Train
3418,0,1,0,Graduate,Male,127,360,LP001702,N,No,Semiurban,No,Train
10000,0,1,0,Graduate,Female,214,360,LP001708,N,No,Semiurban,No,Train
3430,1250,0,3+,Graduate,Male,128,360,LP001711,N,Yes,Semiurban,No,Train
7787,0,1,1,Graduate,Male,240,360,LP001713,Y,Yes,Urban,Yes,Train
5703,0,1,3+,Not Graduate,Male,130,360,LP001715,Y,Yes,Rural,Yes,Train
3173,3021,1,0,Graduate,Male,137,360,LP001716,Y,Yes,Urban,No,Train
3850,983,1,3+,Not Graduate,Male,100,360,LP001720,Y,Yes,Semiurban,No,Train
150,1800,1,0,Graduate,Male,135,360,LP001722,N,Yes,Rural,No,Train
3727,1775,1,0,Graduate,Male,131,360,LP001726,Y,Yes,Semiurban,No,Train
5000,0,0,2,Graduate,Male,72,360,LP001732,N,Yes,Semiurban,"",Train
4283,2383,0.912075042724609,2,Graduate,Female,127,360,LP001734,Y,Yes,Semiurban,No,Train
2221,0,0,0,Graduate,Male,60,360,LP001736,N,Yes,Urban,No,Train
4009,1717,1,2,Graduate,Male,116,360,LP001743,Y,Yes,Semiurban,No,Train
2971,2791,1,0,Graduate,Male,144,360,LP001744,Y,No,Semiurban,No,Train
7578,1010,1,0,Graduate,Male,175,376.912414550781,LP001749,Y,Yes,Semiurban,No,Train
6250,0,1,0,Graduate,Male,128,360,LP001750,Y,Yes,Semiurban,No,Train
3250,0,1,0,Graduate,Male,170,360,LP001751,N,Yes,Rural,No,Train
4735,0,1,"",Not Graduate,Male,138,360,LP001754,N,Yes,Urban,Yes,Train
6250,1695,1,2,Graduate,Male,210,360,LP001758,Y,Yes,Semiurban,No,Train
4758,0,1,"",Graduate,Male,158,480,LP001760,Y,"",Semiurban,No,Train
6400,0,1,0,Graduate,Male,200,360,LP001761,Y,No,Rural,Yes,Train
2491,2054,1,1,Graduate,Male,104,360,LP001765,Y,Yes,Semiurban,No,Train
3716,0,1,0,Graduate,Male,42,180,LP001768,Y,Yes,Rural,"",Train
3189,2598,1,0,Not Graduate,Male,120,350.197509765625,LP001770,Y,No,Rural,No,Train
8333,0,1,0,Graduate,Female,280,360,LP001776,Y,No,Semiurban,No,Train
3155,1779,1,1,Graduate,Male,140,360,LP001778,Y,Yes,Semiurban,No,Train
5500,1260,1,1,Graduate,Male,170,360,LP001784,Y,Yes,Rural,No,Train
5746,0,0.939006567001343,0,Graduate,Male,255,360,LP001786,N,Yes,Urban,"",Train
3463,0,0.930067420005798,0,Graduate,Female,122,360,LP001788,Y,No,Urban,Yes,Train
3812,0,1,1,Graduate,Female,112,360,LP001790,Y,No,Rural,No,Train
3315,0,1,1,Graduate,Male,96,360,LP001792,Y,Yes,Semiurban,No,Train
5819,5000,1,2,Graduate,Male,120,360,LP001798,Y,Yes,Rural,No,Train
2510,1983,1,1,Not Graduate,Male,140,180,LP001800,N,Yes,Urban,No,Train
2965,5701,1,0,Graduate,Male,155,60,LP001806,Y,No,Urban,No,Train
6250,1300,1,2,Graduate,Male,108,360,LP001807,Y,Yes,Rural,Yes,Train
3406,4417,1,0,Not Graduate,Male,123,360,LP001811,Y,Yes,Semiurban,No,Train
6050,4333,1,0,Graduate,Male,120,180,LP001813,N,No,Urban,Yes,Train
9703,0,1,2,Graduate,Male,112,360,LP001814,Y,Yes,Urban,No,Train
6608,0,1,1,Not Graduate,Male,137,180,LP001819,Y,Yes,Urban,No,Train
2882,1843,1,1,Graduate,Male,123,480,LP001824,Y,Yes,Semiurban,No,Train
1809,1868,1,0,Graduate,Male,90,360,LP001825,Y,Yes,Urban,No,Train
1668,3890,0,0,Not Graduate,Male,201,360,LP001835,N,Yes,Semiurban,No,Train
3427,0,1,2,Graduate,Female,138,360,LP001836,N,No,Urban,No,Train
2583,2167,1,0,Not Graduate,Male,104,360,LP001841,Y,No,Rural,Yes,Train
2661,7101,1,1,Not Graduate,Male,279,180,LP001843,Y,Yes,Semiurban,No,Train
16250,0,0,0,Graduate,Male,192,360,LP001844,N,No,Urban,Yes,Train
3083,0,1,3+,Graduate,Female,255,360,LP001846,Y,No,Rural,No,Train
6045,0,0,0,Not Graduate,Male,115,360,LP001849,N,No,Rural,No,Train
5250,0,1,3+,Graduate,Male,94,360,LP001854,N,Yes,Urban,No,Train
14683,2100,1,0,Graduate,Male,304,360,LP001859,N,Yes,Rural,No,Train
4931,0,0.819448471069336,3+,Not Graduate,Male,128,360,LP001864,N,Yes,Semiurban,No,Train
6083,4250,0.944319009780884,1,Graduate,Male,330,360,LP001865,Y,Yes,Urban,No,Train
2060,2209,1,0,Graduate,Male,134,360,LP001868,Y,No,Semiurban,No,Train
3481,0,1,1,Graduate,Female,155,36,LP001870,N,No,Semiurban,No,Train
7200,0,1,0,Graduate,Female,120,360,LP001871,Y,No,Rural,No,Train
5166,0,1,0,Graduate,Male,128,360,LP001872,Y,No,Semiurban,Yes,Train
4095,3447,1,0,Graduate,Male,151,360,LP001875,Y,No,Rural,No,Train
4708,1387,1,2,Graduate,Male,150,360,LP001877,Y,Yes,Semiurban,No,Train
4333,1811,0,3+,Graduate,Male,160,360,LP001882,Y,Yes,Urban,No,Train
3418,0,1,0,Graduate,Female,135,360,LP001883,N,No,Rural,"",Train
2876,1560,1,1,Graduate,Female,90,360,LP001884,Y,No,Urban,No,Train
3237,0,1,0,Graduate,Female,30,360,LP001888,Y,No,Urban,No,Train
11146,0,1,0,Graduate,Male,136,360,LP001891,Y,Yes,Urban,No,Train
2833,1857,1,0,Graduate,Male,126,360,LP001892,Y,No,Rural,No,Train
2620,2223,1,0,Graduate,Male,150,360,LP001894,Y,Yes,Semiurban,No,Train
3900,0,1,2,Graduate,Male,90,360,LP001896,Y,Yes,Semiurban,No,Train
2750,1842,1,1,Graduate,Male,115,360,LP001900,Y,Yes,Semiurban,No,Train
3993,3274,1,0,Graduate,Male,207,360,LP001903,Y,Yes,Semiurban,No,Train
3103,1300,1,0,Graduate,Male,80,360,LP001904,Y,Yes,Urban,No,Train
14583,0,1,0,Graduate,Male,436,360,LP001907,Y,Yes,Semiurban,No,Train
4100,0,0.793678402900696,0,Not Graduate,Female,124,360,LP001908,Y,Yes,Rural,No,Train
4053,2426,0,1,Not Graduate,Male,158,360,LP001910,N,No,Urban,Yes,Train
3927,800,1,0,Graduate,Male,112,360,LP001914,Y,Yes,Semiurban,No,Train
2301,985.7999878,1,2,Graduate,Male,78,180,LP001915,Y,Yes,Urban,No,Train
1811,1666,1,0,Graduate,Female,54,360,LP001917,Y,No,Urban,No,Train
20667,0,1,0,Graduate,Male,179.502243041992,360,LP001922,N,Yes,Rural,No,Train
3158,3053,1,0,Graduate,Male,89,360,LP001924,Y,No,Rural,No,Train
2600,1717,1,0,Graduate,Female,99,300,LP001925,N,No,Semiurban,Yes,Train
3704,2000,1,0,Graduate,Male,120,360,LP001926,Y,Yes,Rural,No,Train
4124,0,1,0,Graduate,Female,115,360,LP001931,Y,No,Semiurban,No,Train
9508,0,1,0,Graduate,Male,187,360,LP001935,Y,No,Rural,No,Train
3075,2416,1,0,Graduate,Male,139,360,LP001936,Y,Yes,Rural,No,Train
4400,0,0,2,Graduate,Male,127,360,LP001938,N,Yes,Semiurban,No,Train
3153,1560,1,2,Graduate,Male,134,360,LP001940,Y,Yes,Urban,No,Train
5417,0,0,"",Graduate,Female,143,480,LP001945,N,No,Urban,No,Train
2383,3334,1,0,Graduate,Male,172,360,LP001947,Y,Yes,Semiurban,No,Train
4416,1250,1,3+,Graduate,Male,110,360,LP001949,Y,Yes,Urban,"",Train
6875,0,1,1,Graduate,Male,200,360,LP001953,Y,Yes,Semiurban,No,Train
4666,0,1,1,Graduate,Female,135,360,LP001954,Y,Yes,Urban,No,Train
5000,2541,1,0,Graduate,Female,151,480,LP001955,N,No,Rural,No,Train
2014,2925,1,1,Graduate,Male,113,360,LP001963,N,Yes,Urban,No,Train
1800,2934,0,0,Not Graduate,Male,93,360,LP001964,N,Yes,Urban,No,Train
2875,1750,1,"",Not Graduate,Male,105,360,LP001972,Y,Yes,Semiurban,No,Train
5000,0,1,0,Graduate,Female,132,360,LP001974,Y,No,Rural,No,Train
1625,1803,1,1,Graduate,Male,96,360,LP001977,Y,Yes,Urban,No,Train
4000,2500,1,0,Graduate,Male,140,360,LP001978,Y,No,Rural,No,Train
2000,0,1,0,Not Graduate,Male,126.655319213867,360,LP001990,N,No,Urban,No,Train
3762,1666,1,0,Graduate,Female,135,360,LP001993,Y,No,Rural,No,Train
2400,1863,0,0,Graduate,Female,104,360,LP001994,N,No,Urban,No,Train
20233,0,1,0,Graduate,Male,480,360,LP001996,N,No,Rural,No,Train
7667,0,0.798214793205261,2,Not Graduate,Male,185,360,LP001998,Y,Yes,Rural,No,Train
2917,0,1,0,Graduate,Female,84,360,LP002002,Y,No,Semiurban,No,Train
2927,2405,1,0,Not Graduate,Male,111,360,LP002004,Y,No,Semiurban,No,Train
2507,0,1,0,Graduate,Female,56,360,LP002006,Y,No,Rural,No,Train
5746,0,0.784639239311218,2,Graduate,Male,144,84,LP002008,Y,Yes,Rural,Yes,Train
2473,1843,1,0,Graduate,"",159,360,LP002024,N,Yes,Rural,No,Train
3399,1640,1,1,Not Graduate,Male,111,180,LP002031,Y,Yes,Urban,No,Train
3717,0,1,2,Graduate,Male,120,360,LP002035,Y,Yes,Semiurban,No,Train
2058,2134,0.927858948707581,0,Graduate,Male,88,360,LP002036,Y,Yes,Urban,No,Train
3541,0,0.910738348960876,1,Graduate,Female,112,360,LP002043,Y,No,Semiurban,No,Train
10000,0,1,1,Graduate,Male,155,360,LP002050,N,Yes,Rural,Yes,Train
2400,2167,1,0,Graduate,Male,115,360,LP002051,Y,Yes,Semiurban,No,Train
4342,189,1,3+,Graduate,Male,124,360,LP002053,Y,Yes,Semiurban,No,Train
3601,1590,1,2,Not Graduate,Male,140.252349853516,360,LP002054,Y,Yes,Rural,No,Train
3166,2985,0.886895298957825,0,Graduate,Female,132,360,LP002055,Y,No,Rural,No,Train
15000,0,1,3+,Graduate,Male,300,360,LP002065,Y,Yes,Rural,No,Train
8666,4983,0,1,Graduate,Male,376,360,LP002067,N,Yes,Rural,Yes,Train
4917,0,0,0,Graduate,Male,130,360,LP002068,Y,No,Rural,No,Train
5818,2160,1,0,Graduate,Male,184,360,LP002082,Y,Yes,Semiurban,Yes,Train
4333,2451,1,0,Graduate,Female,110,360,LP002086,N,Yes,Urban,No,Train
2500,0,1,0,Graduate,Female,67,360,LP002087,Y,No,Urban,No,Train
4384,1793,1,1,Graduate,Male,117,360,LP002097,Y,No,Urban,No,Train
2935,0,1,0,Graduate,Male,98,360,LP002098,Y,No,Semiurban,No,Train
2833,0,1,"",Graduate,Male,71,360,LP002100,Y,No,Urban,No,Train
63337,0,1,0,Graduate,Male,490,180,LP002101,Y,Yes,Urban,"",Train
9833,1833,1,1,Graduate,"",182,180,LP002103,Y,Yes,Urban,Yes,Train
5503,4490,1,"",Graduate,Male,70,373.294769287109,LP002106,Y,Yes,Semiurban,Yes,Train
5250,688,1,1,Graduate,Male,160,360,LP002110,Y,Yes,Rural,"",Train
2500,4600,1,2,Graduate,Male,176,360,LP002112,Y,Yes,Rural,Yes,Train
1830,0,0,3+,Not Graduate,Female,112.963577270508,360,LP002113,N,No,Urban,No,Train
4160,0,1,0,Graduate,Female,71,360,LP002114,Y,No,Semiurban,No,Train
2647,1587,1,3+,Not Graduate,Male,173,360,LP002115,N,Yes,Rural,No,Train
2378,0,1,0,Graduate,Female,46,360,LP002116,N,No,Rural,No,Train
4554,1229,1,1,Not Graduate,Male,158,360,LP002119,Y,Yes,Urban,No,Train
3173,0,1,3+,Not Graduate,Male,74,360,LP002126,Y,Yes,Semiurban,No,Train
2583,2330,1,2,Graduate,Male,125,360,LP002128,Y,Yes,Rural,"",Train
2499,2458,1,0,Graduate,Male,160,360,LP002129,Y,Yes,Semiurban,No,Train
3523,3230,0,"",Not Graduate,Male,152,360,LP002130,N,Yes,Rural,No,Train
3083,2168,1,2,Not Graduate,Male,126,360,LP002131,Y,Yes,Urban,No,Train
6333,4583,0.921135425567627,0,Graduate,Male,259,360,LP002137,Y,Yes,Semiurban,No,Train
2625,6250,1,0,Graduate,Male,187,360,LP002138,Y,Yes,Rural,No,Train
9083,0,1,0,Graduate,Male,228,360,LP002139,Y,Yes,Semiurban,No,Train
8750,4167,1,0,Graduate,Male,308,360,LP002140,N,No,Rural,No,Train
2666,2083,1,3+,Graduate,Male,95,360,LP002141,Y,Yes,Rural,No,Train
5500,0,0,0,Graduate,Female,105,360,LP002142,N,Yes,Rural,Yes,Train
2423,505,1,0,Graduate,Female,130,360,LP002143,Y,Yes,Semiurban,No,Train
3813,0,1,"",Graduate,Female,116,180,LP002144,Y,No,Urban,No,Train
8333,3167,1,2,Graduate,Male,165,360,LP002149,Y,Yes,Rural,No,Train
3875,0,1,1,Graduate,Male,67,360,LP002151,N,Yes,Urban,No,Train
3000,1666,0,0,Not Graduate,Male,100,480,LP002158,N,Yes,Urban,No,Train
5167,3167,1,3+,Graduate,Male,200,360,LP002160,Y,Yes,Semiurban,No,Train
4723,0,1,1,Graduate,Female,81,360,LP002161,N,No,Semiurban,No,Train
5000,3667,1,2,Graduate,Male,236,360,LP002170,Y,Yes,Semiurban,No,Train
4750,2333,1,0,Graduate,Male,130,360,LP002175,Y,Yes,Urban,No,Train
3013,3033,0.90613853931427,0,Graduate,Male,95,300,LP002178,Y,Yes,Urban,No,Train
6822,0,1,0,Graduate,Male,141,360,LP002180,Y,No,Rural,Yes,Train
6216,0,1,0,Not Graduate,Male,133,360,LP002181,N,No,Rural,No,Train
2500,0,1,0,Graduate,Male,96,480,LP002187,N,No,Semiurban,No,Train
5124,0,0,0,Graduate,Male,124,323.35595703125,LP002188,N,No,Rural,No,Train
6325,0,1,1,Graduate,Male,175,360,LP002190,Y,Yes,Semiurban,No,Train
19730,5266,1,0,Graduate,Male,570,360,LP002191,N,Yes,Rural,No,Train
15759,0,1,0,Graduate,Female,55,360,LP002194,Y,No,Semiurban,Yes,Train
5185,0,1,2,Graduate,Male,155,360,LP002197,Y,Yes,Semiurban,No,Train
9323,7873,1,2,Graduate,Male,380,300,LP002201,Y,Yes,Rural,Yes,Train
3062,1987,0,1,Graduate,Male,111,180,LP002205,N,No,Urban,No,Train
2764,1459,1,0,Graduate,Female,110,360,LP002209,Y,No,Urban,"",Train
4817,923,1,0,Graduate,Male,120,180,LP002211,Y,Yes,Urban,No,Train
8750,4996,1,3+,Graduate,Male,130,360,LP002219,Y,Yes,Rural,No,Train
4310,0,0.912027835845947,0,Graduate,Male,130,360,LP002223,Y,Yes,Semiurban,No,Train
3069,0,1,0,Graduate,Male,71,480,LP002224,N,No,Urban,No,Train
5391,0,1,2,Graduate,Male,130,360,LP002225,Y,Yes,Urban,No,Train
3333,2500,1,0,Graduate,Male,128,360,LP002226,Y,Yes,Semiurban,"",Train
5941,4232,1,0,Graduate,Male,296,360,LP002229,Y,No,Semiurban,No,Train
6000,0,1,0,Graduate,Female,156,360,LP002231,Y,No,Urban,No,Train
7167,0,1,0,Graduate,Male,128,360,LP002234,Y,No,Urban,Yes,Train
4566,0,1,2,Graduate,Male,100,360,LP002236,N,Yes,Urban,No,Train
3667,0,1,1,Graduate,Male,113,180,LP002237,Y,No,Urban,"",Train
2346,1600,1,0,Not Graduate,Male,132,360,LP002239,Y,No,Semiurban,No,Train
3010,3136,0,0,Not Graduate,Male,114.196319580078,360,LP002243,N,Yes,Urban,No,Train
2333,2417,1,0,Graduate,Male,136,360,LP002244,Y,Yes,Urban,No,Train
5488,0,1,0,Graduate,Male,125,360,LP002250,Y,Yes,Rural,No,Train
9167,0,1,3+,Graduate,Male,185,360,LP002255,Y,No,Rural,No,Train
9504,0,1,3+,Graduate,Male,275,360,LP002262,Y,Yes,Rural,No,Train
2583,2115,0.930003643035889,0,Graduate,Male,120,360,LP002263,Y,Yes,Urban,No,Train
1993,1625,1,2,Not Graduate,Male,113,180,LP002265,Y,Yes,Semiurban,No,Train
3100,1400,1,2,Graduate,Male,113,360,LP002266,Y,Yes,Urban,No,Train
3276,484,0.912219643592834,2,Graduate,Male,135,360,LP002272,Y,Yes,Semiurban,No,Train
3180,0,0,0,Graduate,Female,71,360,LP002277,N,No,Urban,No,Train
3033,1459,1,0,Graduate,Male,95,360,LP002281,Y,Yes,Urban,No,Train
3902,1666,1,0,Not Graduate,Male,109,360,LP002284,Y,No,Rural,No,Train
1500,1800,0,0,Graduate,Female,103,360,LP002287,N,No,Semiurban,No,Train
2889,0,0,2,Not Graduate,Male,45,180,LP002288,N,Yes,Urban,No,Train
2755,0,1,0,Not Graduate,Male,65,300,LP002296,N,No,Rural,No,Train
2500,20000,1,0,Graduate,Male,103,360,LP002297,Y,No,Semiurban,No,Train
1963,0,1,0,Not Graduate,Female,53,360,LP002300,Y,No,Semiurban,No,Train
7441,0,1,0,Graduate,Female,194,360,LP002301,N,No,Rural,Yes,Train
4547,0,1,0,Graduate,Female,115,360,LP002305,Y,No,Semiurban,No,Train
2167,2400,1,0,Not Graduate,Male,115,360,LP002308,Y,Yes,Urban,No,Train
2213,0,1,0,Not Graduate,Female,66,360,LP002314,Y,No,Rural,No,Train
8300,0,0,1,Graduate,Male,152,300,LP002315,N,Yes,Semiurban,No,Train
81000,0,0,3+,Graduate,Male,360,360,LP002317,N,Yes,Rural,No,Train
3867,0,1,1,Not Graduate,Female,62,360,LP002318,N,No,Semiurban,Yes,Train
6256,0,0.932992339134216,0,Graduate,Male,160,360,LP002319,Y,Yes,Urban,"",Train
6096,0,0,0,Not Graduate,Male,218,360,LP002328,N,Yes,Rural,No,Train
2253,2033,1,0,Not Graduate,Male,110,360,LP002332,Y,Yes,Rural,No,Train
2149,3237,0,0,Not Graduate,Female,178,360,LP002335,N,Yes,Semiurban,No,Train
2995,0,1,0,Graduate,Female,60,360,LP002337,Y,No,Urban,No,Train
2600,0,1,1,Graduate,Female,160,360,LP002341,N,No,Urban,No,Train
1600,20000,1,2,Graduate,Male,239,360,LP002342,N,Yes,Urban,Yes,Train
1025,2773,1,0,Graduate,Male,112,360,LP002345,Y,Yes,Rural,No,Train
3246,1417,1,0,Graduate,Male,138,360,LP002347,Y,Yes,Semiurban,No,Train
5829,0,1,0,Graduate,Male,138,360,LP002348,Y,Yes,Rural,No,Train
2720,0,0,0,Not Graduate,Female,80,304.146057128906,LP002357,N,No,Urban,No,Train
1820,1719,1,0,Graduate,Male,100,360,LP002361,Y,Yes,Urban,No,Train
7250,1667,0,1,Graduate,Male,110,326.411804199219,LP002362,N,Yes,Urban,No,Train
14880,0,1,0,Graduate,Male,96,360,LP002364,Y,Yes,Semiurban,No,Train
2666,4300,1,0,Graduate,Male,121,360,LP002366,Y,Yes,Rural,No,Train
4606,0,1,1,Not Graduate,Female,81,360,LP002367,N,No,Rural,No,Train
5935,0,1,2,Graduate,Male,133,360,LP002368,Y,Yes,Semiurban,No,Train
2920,16.12000084,1,0,Graduate,Male,87,360,LP002369,Y,Yes,Rural,No,Train
2717,0,1,0,Not Graduate,Male,60,180,LP002370,Y,No,Urban,No,Train
8624,0,1,1,Graduate,Female,150,360,LP002377,Y,No,Semiurban,Yes,Train
6500,0,0,0,Graduate,Male,105,360,LP002379,N,No,Rural,No,Train
12876,0,1,0,Graduate,Male,405,360,LP002386,Y,No,Semiurban,"",Train
2425,2340,1,0,Graduate,Male,143,360,LP002387,Y,Yes,Semiurban,No,Train
3750,0,1,0,Graduate,Male,100,360,LP002390,Y,No,Urban,No,Train
10047,0,1,"",Graduate,Female,157.494262695313,240,LP002393,Y,"",Semiurban,No,Train
1926,1851,1,0,Graduate,Male,50,360,LP002398,Y,No,Semiurban,No,Train
2213,1125,1,0,Graduate,Male,161.224609375,360,LP002401,Y,Yes,Urban,No,Train
10416,0,0,0,Graduate,Male,187,360,LP002403,N,No,Urban,Yes,Train
7142,0,1,0,Not Graduate,Female,138,360,LP002407,Y,Yes,Rural,Yes,Train
3660,5064,1,0,Graduate,Male,187,360,LP002408,Y,No,Semiurban,No,Train
7901,1833,1,0,Graduate,Male,180,360,LP002409,Y,Yes,Rural,No,Train
4707,1993,1,3+,Not Graduate,Male,148,360,LP002418,Y,No,Semiurban,No,Train
37719,0,1,1,Graduate,Male,152,360,LP002422,Y,No,Semiurban,No,Train
7333,8333,0.868500471115112,0,Graduate,Male,175,300,LP002424,Y,Yes,Rural,No,Train
3466,1210,1,1,Graduate,Male,130,360,LP002429,Y,Yes,Rural,Yes,Train
4652,0,1,2,Not Graduate,Male,110,360,LP002434,Y,Yes,Rural,No,Train
3539,1376,1,0,Graduate,Male,55,360,LP002435,N,Yes,Rural,"",Train
3340,1710,0,2,Graduate,Male,150,360,LP002443,N,Yes,Rural,No,Train
2769,1542,0.823214888572693,1,Not Graduate,Male,190,360,LP002444,N,No,Semiurban,Yes,Train
2309,1255,0,2,Not Graduate,Male,125,360,LP002446,N,Yes,Rural,No,Train
1958,1456,0.810987114906311,2,Not Graduate,Male,60,300,LP002447,Y,Yes,Urban,No,Train
3948,1733,0,0,Graduate,Male,149,360,LP002448,N,Yes,Rural,No,Train
2483,2466,0,0,Graduate,Male,90,180,LP002449,Y,Yes,Rural,No,Train
7085,0,1,0,Graduate,Male,84,360,LP002453,Y,No,Semiurban,Yes,Train
3859,0,1,2,Graduate,Male,96,360,LP002455,Y,Yes,Semiurban,No,Train
4301,0,1,0,Graduate,Male,118,360,LP002459,Y,Yes,Urban,No,Train
3708,2569,1,0,Graduate,Male,173,360,LP002467,N,Yes,Urban,No,Train
4354,0,1,2,Graduate,Male,136,360,LP002472,Y,No,Rural,No,Train
8334,0,1,0,Graduate,Male,160,360,LP002473,N,Yes,Semiurban,No,Train
2083,4083,0.91398823261261,0,Graduate,"",160,360,LP002478,Y,Yes,Semiurban,Yes,Train
7740,0,1,3+,Graduate,Male,128,180,LP002484,Y,Yes,Urban,No,Train
3015,2188,1,0,Graduate,Male,153,360,LP002487,Y,Yes,Rural,No,Train
5191,0,1,1,Not Graduate,Female,132,360,LP002489,Y,No,Semiurban,"",Train
4166,0,0,0,Graduate,Male,98,360,LP002493,N,No,Semiurban,No,Train
6000,0,1,0,Graduate,Male,140,360,LP002494,Y,No,Rural,No,Train
2947,1664,0,3+,Not Graduate,Male,70,180,LP002500,N,Yes,Urban,No,Train
16692,0,1,0,Graduate,"",110,360,LP002501,Y,Yes,Semiurban,No,Train
210,2917,1,2,Not Graduate,Female,98,360,LP002502,Y,Yes,Semiurban,"",Train
4333,2451,1,0,Graduate,Male,110,360,LP002505,N,Yes,Urban,No,Train
3450,2079,1,1,Graduate,Male,162,360,LP002515,Y,Yes,Semiurban,Yes,Train
2653,1500,0,1,Not Graduate,Male,113,180,LP002517,N,Yes,Rural,No,Train
4691,0,1,3+,Graduate,Male,100,360,LP002519,Y,Yes,Semiurban,No,Train
2500,0,0.928037762641907,0,Graduate,Female,93,360,LP002522,Y,No,Urban,Yes,Train
5532,4648,1,2,Graduate,Male,162,360,LP002524,Y,No,Rural,No,Train
16525,1014,1,2,Graduate,Male,150,360,LP002527,Y,Yes,Rural,Yes,Train
6700,1750,1,2,Graduate,Male,230,300,LP002529,Y,Yes,Semiurban,No,Train
2873,1872,0,2,Graduate,"",132,360,LP002530,N,Yes,Semiurban,No,Train
16667,2250,1,1,Graduate,Male,86,360,LP002531,Y,Yes,Semiurban,Yes,Train
2947,1603,1,2,Graduate,Male,161.590698242188,360,LP002533,N,Yes,Urban,No,Train
4350,0,1,0,Not Graduate,Female,154,360,LP002534,Y,No,Rural,No,Train
3095,0,1,3+,Not Graduate,Male,113,360,LP002536,Y,Yes,Rural,No,Train
2083,3150,1,0,Graduate,Male,128,360,LP002537,Y,Yes,Semiurban,No,Train
10833,0,1,0,Graduate,Male,234,360,LP002541,Y,Yes,Semiurban,No,Train
8333,0,1,2,Graduate,Male,246,360,LP002543,Y,Yes,Semiurban,No,Train
1958,2436,1,1,Not Graduate,Male,131,360,LP002544,Y,Yes,Rural,No,Train
3547,0,0,2,Graduate,Male,80,360,LP002545,N,No,Rural,No,Train
18333,0,1,1,Graduate,Male,500,360,LP002547,N,Yes,Urban,No,Train
4583,2083,1,2,Graduate,Male,160,360,LP002555,Y,Yes,Semiurban,Yes,Train
2435,0,1,0,Graduate,Male,75,360,LP002556,N,No,Urban,No,Train
2699,2785,0.817291975021362,0,Not Graduate,Male,96,360,LP002560,Y,No,Semiurban,No,Train
5333,1131,0.842060089111328,1,Not Graduate,Male,186,360,LP002562,Y,Yes,Urban,No,Train
3691,0,1,0,Not Graduate,Male,110,360,LP002571,Y,No,Rural,No,Train
17263,0,1,0,Not Graduate,Female,225,360,LP002582,Y,No,Semiurban,Yes,Train
3597,2157,0,0,Graduate,Male,119,360,LP002585,N,Yes,Rural,No,Train
3326,913,1,1,Graduate,Female,105,84,LP002586,Y,Yes,Semiurban,No,Train
2600,1700,1,0,Not Graduate,Male,107,360,LP002587,Y,Yes,Rural,No,Train
4625,2857,0.799774408340454,0,Graduate,Male,111,12,LP002588,Y,Yes,Urban,No,Train
2895,0,1,1,Graduate,Male,95,360,LP002600,Y,Yes,Semiurban,Yes,Train
6283,4416,0,0,Graduate,Male,209,360,LP002602,N,No,Rural,No,Train
645,3683,1,0,Graduate,Female,113,480,LP002603,Y,No,Rural,No,Train
3159,0,1,0,Graduate,Female,100,360,LP002606,Y,No,Semiurban,No,Train
4865,5624,1,2,Graduate,Male,208,360,LP002615,Y,Yes,Semiurban,No,Train
4050,5302,0.795113086700439,1,Not Graduate,Male,138,360,LP002618,N,Yes,Rural,No,Train
3814,1483,1,0,Not Graduate,Male,124,300,LP002619,Y,Yes,Semiurban,No,Train
3510,4416,1,2,Graduate,Male,243,360,LP002622,Y,Yes,Rural,No,Train
20833,6667,0.95675790309906,0,Graduate,Male,480,360,LP002624,Y,Yes,Urban,No,Train
3583,0,1,0,Graduate,"",96,360,LP002625,N,No,Urban,No,Train
2479,3013,1,0,Graduate,Male,188,360,LP002626,Y,Yes,Urban,Yes,Train
13262,0,1,1,Graduate,Female,40,360,LP002634,Y,No,Urban,No,Train
3598,1287,1,0,Not Graduate,Male,100,360,LP002637,N,No,Rural,No,Train
6065,2004,1,1,Graduate,Male,250,360,LP002640,Y,Yes,Semiurban,No,Train
3283,2035,1,2,Graduate,Male,148,360,LP002643,Y,Yes,Urban,No,Train
2130,6666,1,0,Graduate,Male,70,180,LP002648,N,Yes,Semiurban,No,Train
5815,3666,1,0,Graduate,Male,311,360,LP002652,N,No,Rural,No,Train
3466,3428,1,3+,Graduate,Male,150,360,LP002659,Y,Yes,Rural,No,Train
2031,1632,1,2,Graduate,Female,113,480,LP002670,Y,Yes,Semiurban,No,Train
3074,1800,0,"",Not Graduate,Male,123,360,LP002682,N,Yes,Semiurban,No,Train
4683,1915,1,0,Graduate,Male,185,360,LP002683,N,No,Semiurban,No,Train
3400,0,1,0,Not Graduate,Female,95,360,LP002684,N,No,Rural,No,Train
2192,1742,1,2,Not Graduate,Male,45,360,LP002689,Y,Yes,Semiurban,No,Train
2500,0,1,0,Graduate,Male,55,360,LP002690,Y,No,Semiurban,No,Train
5677,1424,1,3+,Graduate,Male,100,360,LP002692,Y,Yes,Rural,Yes,Train
7948,7166,1,2,Graduate,Male,480,360,LP002693,Y,Yes,Rural,Yes,Train
4680,2087,1,0,Graduate,Male,164.073822021484,360,LP002697,N,No,Semiurban,No,Train
17500,0,1,2,Graduate,Male,400,360,LP002699,Y,Yes,Rural,Yes,Train
3775,0,1,0,Graduate,Male,110,360,LP002705,Y,Yes,Semiurban,No,Train
5285,1430,0,1,Not Graduate,Male,161,360,LP002706,Y,Yes,Semiurban,No,Train
2679,1302,1,1,Not Graduate,Male,94,360,LP002714,Y,No,Semiurban,No,Train
6783,0,1,0,Not Graduate,Male,130,360,LP002716,Y,No,Semiurban,No,Train
1025,5500,0.892178654670715,0,Graduate,Male,216,360,LP002717,Y,Yes,Rural,No,Train
4281,0,1,3+,Graduate,Male,100,360,LP002720,Y,Yes,Urban,No,Train
3588,0,0,2,Graduate,Male,110,360,LP002723,N,No,Rural,No,Train
11250,0,0.91746973991394,1,Graduate,Male,196,360,LP002729,N,No,Semiurban,No,Train
18165,0,1,0,Not Graduate,Female,125,360,LP002731,Y,No,Urban,Yes,Train
2550,2042,1,0,Not Graduate,Male,126,360,LP002732,Y,No,Rural,"",Train
6133,3906,1,0,Graduate,Male,324,360,LP002734,Y,Yes,Urban,No,Train
3617,0,1,2,Graduate,Male,107,360,LP002738,Y,No,Semiurban,No,Train
2917,536,1,0,Not Graduate,Male,66,360,LP002739,N,Yes,Rural,No,Train
6417,0,1,3+,Graduate,Male,157,180,LP002740,Y,Yes,Rural,No,Train
4608,2845,1,1,Graduate,Female,140,180,LP002741,Y,Yes,Semiurban,No,Train
2138,0,0,0,Graduate,Female,99,360,LP002743,N,No,Semiurban,No,Train
3652,0,1,1,Graduate,Female,95,360,LP002753,Y,No,Semiurban,"",Train
2239,2524,1,1,Not Graduate,Male,128,360,LP002755,Y,Yes,Urban,No,Train
3017,663,0.817514657974243,0,Not Graduate,Female,102,360,LP002757,Y,Yes,Semiurban,No,Train
2768,1950,1,0,Graduate,Male,155,360,LP002767,Y,Yes,Rural,No,Train
3358,0,1,0,Not Graduate,Male,80,36,LP002768,N,No,Semiurban,No,Train
2526,1783,1,0,Graduate,Male,145,360,LP002772,Y,No,Rural,No,Train
5000,0,0,0,Graduate,Female,103,360,LP002776,N,No,Semiurban,No,Train
2785,2016,1,0,Graduate,Male,110,360,LP002777,Y,Yes,Rural,No,Train
6633,0,0,2,Graduate,Male,161.352325439453,360,LP002778,N,Yes,Rural,Yes,Train
2492,2375,1,1,Not Graduate,Male,140.109329223633,360,LP002784,Y,Yes,Rural,No,Train
3333,3250,1,1,Graduate,Male,158,360,LP002785,Y,Yes,Urban,No,Train
2454,2333,0,0,Not Graduate,Male,181,360,LP002788,N,Yes,Urban,No,Train
3593,4266,0,0,Graduate,Male,132,180,LP002789,N,Yes,Rural,No,Train
5468,1032,1,1,Graduate,Male,26,360,LP002792,Y,Yes,Semiurban,No,Train
2667,1625,0.927655339241028,0,Graduate,Female,84,360,LP002794,Y,No,Urban,No,Train
10139,0,1,3+,Graduate,Male,260,360,LP002795,Y,Yes,Semiurban,Yes,Train
3887,2669,1,0,Graduate,Male,162,360,LP002798,Y,Yes,Semiurban,No,Train
4180,2306,1,0,Graduate,Female,182,360,LP002804,Y,Yes,Semiurban,No,Train
3675,242,1,2,Not Graduate,Male,108,360,LP002807,Y,Yes,Semiurban,No,Train
19484,0,1,1,Graduate,Female,600,360,LP002813,Y,Yes,Semiurban,Yes,Train
5923,2054,1,0,Graduate,Male,211,360,LP002820,Y,Yes,Rural,No,Train
5800,0,1,0,Not Graduate,Male,132,360,LP002821,Y,No,Semiurban,Yes,Train
8799,0,0,2,Graduate,Male,258,360,LP002832,N,Yes,Urban,No,Train
4467,0,0.793484926223755,0,Not Graduate,Male,120,360,LP002833,Y,Yes,Rural,No,Train
3333,0,1,0,Graduate,Male,70,360,LP002836,Y,No,Urban,No,Train
3400,2500,0,3+,Graduate,Male,123,360,LP002837,N,Yes,Rural,No,Train
2378,0,1,0,Graduate,Female,9,360,LP002840,N,No,Urban,No,Train
3166,2064,0,0,Graduate,Male,104,360,LP002841,N,Yes,Urban,No,Train
3417,1750,1,1,Graduate,Male,186,360,LP002842,Y,Yes,Urban,No,Train
5116,1451,0,"",Graduate,Male,165,360,LP002847,N,Yes,Urban,No,Train
16666,0,1,2,Graduate,Male,275,360,LP002855,Y,Yes,Urban,No,Train
6125,1625,1,2,Not Graduate,Male,187,480,LP002862,N,Yes,Semiurban,No,Train
6406,0,1,3+,Graduate,Male,150,360,LP002863,N,Yes,Semiurban,No,Train
3159,461,1,2,Graduate,Male,108,84,LP002868,Y,Yes,Urban,No,Train
3087,2210,0,0,Graduate,"",136,360,LP002872,N,Yes,Semiurban,No,Train
3229,2739,1,0,Graduate,Male,110,360,LP002874,Y,No,Urban,No,Train
1782,2232,1,1,Graduate,Male,107,360,LP002877,Y,Yes,Rural,No,Train
3182,2917,1,0,Graduate,Male,161,360,LP002888,Y,No,Urban,"",Train
6540,0,1,2,Graduate,Male,205,360,LP002892,Y,Yes,Semiurban,No,Train
1836,33837,1,0,Graduate,Male,90,360,LP002893,N,No,Urban,No,Train
3166,0,1,0,Graduate,Female,36,360,LP002894,Y,Yes,Semiurban,No,Train
1880,0,0.881805300712585,1,Graduate,Male,61,360,LP002898,N,Yes,Rural,No,Train
2787,1917,0,1,Graduate,Male,146,360,LP002911,N,Yes,Rural,No,Train
4283,3000,1,1,Graduate,Male,172,84,LP002912,N,Yes,Rural,No,Train
2297,1522,1,0,Graduate,Male,104,360,LP002916,Y,Yes,Urban,No,Train
2165,0,1,0,Not Graduate,Female,70,360,LP002917,Y,No,Semiurban,No,Train
4750,0,1,0,Graduate,"",94,360,LP002925,Y,No,Semiurban,No,Train
2726,0,0,2,Graduate,Male,106,360,LP002926,N,Yes,Semiurban,Yes,Train
3000,3416,1,0,Graduate,Male,56,180,LP002928,Y,Yes,Semiurban,No,Train
6000,0,1,2,Graduate,Male,205,240,LP002931,N,Yes,Semiurban,Yes,Train
9357,0,1,3+,Graduate,"",292,360,LP002933,Y,No,Semiurban,Yes,Train
3859,3300,1,0,Graduate,Male,142,180,LP002936,Y,Yes,Rural,No,Train
16120,0,1,0,Graduate,Male,260,360,LP002938,Y,Yes,Urban,Yes,Train
3833,0,1,0,Not Graduate,Male,110,360,LP002940,Y,No,Rural,No,Train
6383,1000,1,2,Not Graduate,Male,187,360,LP002941,N,Yes,Rural,Yes,Train
2987,0,0,"",Graduate,Male,88,360,LP002943,N,No,Semiurban,No,Train
9963,0,1,0,Graduate,Male,180,360,LP002945,Y,Yes,Rural,Yes,Train
5780,0,1,2,Graduate,Male,192,360,LP002948,Y,Yes,Urban,No,Train
416,41667,0.881178617477417,3+,Graduate,Female,350,180,LP002949,N,No,Urban,"",Train
2894,2792,1,0,Not Graduate,Male,155,360,LP002950,Y,Yes,Rural,"",Train
5703,0,1,3+,Graduate,Male,128,360,LP002953,Y,Yes,Urban,No,Train
3676,4301,1,0,Graduate,Male,172,360,LP002958,Y,No,Rural,No,Train
12000,0,1,1,Graduate,Female,496,360,LP002959,Y,Yes,Semiurban,No,Train
2400,3800,1,0,Not Graduate,Male,116.211624145508,180,LP002960,N,Yes,Urban,No,Train
3400,2500,1,1,Graduate,Male,173,360,LP002961,Y,Yes,Semiurban,No,Train
3987,1411,1,2,Not Graduate,Male,157,360,LP002964,Y,Yes,Rural,No,Train
3232,1950,1,0,Graduate,Male,108,360,LP002974,Y,Yes,Rural,No,Train
2900,0,1,0,Graduate,Female,71,360,LP002978,Y,No,Rural,No,Train
4106,0,1,3+,Graduate,Male,40,180,LP002979,Y,Yes,Rural,No,Train
8072,240,1,1,Graduate,Male,253,360,LP002983,Y,Yes,Urban,No,Train
7583,0,1,2,Graduate,Male,187,360,LP002984,Y,Yes,Urban,No,Train
4583,0,0,0,Graduate,Female,133,360,LP002990,N,No,Semiurban,Yes,Train
5720,0,1,0,Graduate,Male,110,360,LP001015,"",Yes,Urban,No,Test
3076,1500,1,1,Graduate,Male,126,360,LP001022,"",Yes,Urban,No,Test
5000,1800,1,2,Graduate,Male,208,360,LP001031,"",Yes,Urban,No,Test
2340,2546,0.712682962417603,2,Graduate,Male,100,360,LP001035,"",Yes,Urban,No,Test
3276,0,1,0,Not Graduate,Male,78,360,LP001051,"",No,Urban,No,Test
2165,3422,1,0,Not Graduate,Male,152,360,LP001054,"",Yes,Urban,Yes,Test
2226,0,1,1,Not Graduate,Female,59,360,LP001055,"",No,Semiurban,No,Test
3881,0,0,2,Not Graduate,Male,147,360,LP001056,"",Yes,Rural,No,Test
13633,0,1,2,Graduate,Male,280,240,LP001059,"",Yes,Urban,"",Test
2400,2400,1,0,Not Graduate,Male,123,360,LP001067,"",No,Semiurban,No,Test
3091,0,1,0,Not Graduate,Male,90,360,LP001078,"",No,Urban,No,Test
2185,1516,1,1,Graduate,Male,162,360,LP001082,"",Yes,Semiurban,"",Test
4166,0,0.641600489616394,3+,Graduate,Male,40,180,LP001083,"",No,Urban,No,Test
12173,0,0,2,Graduate,Male,166,360,LP001094,"",Yes,Semiurban,"",Test
4666,0,1,0,Graduate,Female,124,360,LP001096,"",No,Semiurban,No,Test
5667,0,1,1,Graduate,Male,131,360,LP001099,"",No,Urban,No,Test
4583,2916,1,2,Graduate,Male,200,360,LP001105,"",Yes,Urban,No,Test
3786,333,1,3+,Graduate,Male,126,360,LP001107,"",Yes,Semiurban,No,Test
9226,7916,1,0,Graduate,Male,300,360,LP001108,"",Yes,Urban,No,Test
1300,3470,1,0,Graduate,Male,100,180,LP001115,"",No,Semiurban,No,Test
1888,1620,1,1,Not Graduate,Male,48,360,LP001121,"",Yes,Urban,No,Test
2083,0,1,3+,Not Graduate,Female,28,180,LP001124,"",No,Urban,No,Test
3909,0,1,0,Graduate,"",101,360,LP001128,"",No,Urban,No,Test
3765,0,1,0,Not Graduate,Female,125,360,LP001135,"",No,Urban,No,Test
5400,4380,1,0,Graduate,Male,290,360,LP001149,"",Yes,Urban,No,Test
0,24000,0,0,Graduate,Male,148,360,LP001153,"",No,Rural,No,Test
4363,1250,0.71546995639801,2,Graduate,Male,140,360,LP001163,"",Yes,Urban,No,Test
7500,3750,1,0,Graduate,Male,275,360,LP001169,"",Yes,Urban,No,Test
3772,833,0.691292822360992,0,Graduate,Male,57,360,LP001174,"",Yes,Semiurban,No,Test
2942,2382,1,0,Graduate,Male,125,180,LP001176,"",No,Urban,No,Test
2478,0,1,0,Not Graduate,Female,75,360,LP001177,"",No,Semiurban,No,Test
6250,820,1,2,Graduate,Male,192,360,LP001183,"",Yes,Urban,No,Test
3268,1683,1,0,Graduate,Male,152,360,LP001185,"",No,Semiurban,No,Test
2783,2708,1,0,Graduate,Male,158,360,LP001187,"",Yes,Urban,No,Test
2740,1541,1,0,Graduate,Male,101,360,LP001190,"",Yes,Urban,No,Test
3150,0,0,0,Graduate,Male,176,360,LP001203,"",No,Semiurban,No,Test
7350,4029,1,2,Graduate,Male,185,180,LP001208,"",Yes,Urban,"",Test
2267,2792,1,0,Graduate,Male,90,360,LP001210,"",Yes,Urban,Yes,Test
5833,0,1,0,Graduate,Male,116,360,LP001211,"",No,Urban,Yes,Test
3643,1963,1,0,Graduate,Male,138,360,LP001219,"",No,Urban,No,Test
5629,818,1,0,Graduate,Male,100,360,LP001220,"",Yes,Urban,No,Test
3644,0,1,0,Graduate,Female,110,360,LP001221,"",No,Urban,No,Test
1750,2024,1,0,Not Graduate,Male,90,360,LP001226,"",Yes,Semiurban,No,Test
6500,2600,1,0,Graduate,Male,200,360,LP001230,"",No,Semiurban,No,Test
3666,0,1,0,Graduate,Female,84,360,LP001231,"",No,Urban,No,Test
4260,3900,0.685993432998657,0,Graduate,Male,185,272.729431152344,LP001232,"",Yes,Urban,No,Test
4163,1475,1,"",Not Graduate,Male,162,360,LP001237,"",Yes,Urban,No,Test
2356,1902,1,0,Not Graduate,Male,108,360,LP001242,"",No,Semiurban,No,Test
6792,3338,1,0,Graduate,Male,187,287.970245361328,LP001268,"",No,Urban,No,Test
8000,250,1,3+,Not Graduate,Male,187,360,LP001270,"",Yes,Semiurban,Yes,Test
2419,1707,1,1,Graduate,Male,124,360,LP001284,"",Yes,Urban,No,Test
3500,833,1,3+,Not Graduate,"",120,360,LP001287,"",Yes,Semiurban,No,Test
3500,3077,1,1,Graduate,Male,160,360,LP001291,"",Yes,Semiurban,No,Test
4116,1000,1,2,Graduate,Male,30,180,LP001298,"",Yes,Urban,No,Test
5293,0,1,0,Not Graduate,Male,92,360,LP001312,"",Yes,Urban,Yes,Test
2750,0,0,0,Graduate,Male,130,360,LP001313,"",No,Urban,No,Test
4402,0,1,0,Not Graduate,Female,130,360,LP001317,"",No,Rural,No,Test
3613,3539,1,2,Graduate,Male,134,180,LP001321,"",Yes,Semiurban,No,Test
2779,3664,0,2,Graduate,Female,176,360,LP001323,"",Yes,Semiurban,No,Test
4720,0,1,3+,Graduate,Male,90,180,LP001324,"",Yes,Semiurban,No,Test
2415,1721,1,0,Not Graduate,Male,110,360,LP001332,"",Yes,Semiurban,No,Test
7016,292,1,0,Graduate,Male,125,360,LP001335,"",Yes,Urban,Yes,Test
4968,0,1,2,Graduate,Female,189,360,LP001338,"",No,Semiurban,No,Test
2101,1500,0,0,Graduate,Female,108,360,LP001347,"",No,Rural,No,Test
4490,0,1,3+,Not Graduate,Male,125,360,LP001348,"",Yes,Urban,No,Test
2917,3583,1,0,Graduate,Male,138,360,LP001351,"",Yes,Semiurban,No,Test
4700,0,0,0,Not Graduate,Male,135,360,LP001352,"",Yes,Semiurban,No,Test
3445,0,0,0,Graduate,Male,130,360,LP001358,"",Yes,Semiurban,No,Test
7666,0,1,0,Graduate,Male,187,360,LP001359,"",Yes,Semiurban,No,Test
2458,5105,0,0,Graduate,Male,188,360,LP001361,"",Yes,Rural,No,Test
3250,0,1,"",Graduate,Female,95,360,LP001366,"",No,Semiurban,No,Test
4463,0,1,0,Graduate,Male,65,360,LP001368,"",No,Semiurban,No,Test
4083,1775,1,1,Graduate,Male,139,60,LP001375,"",Yes,Urban,"",Test
3900,2094,1,0,Graduate,Male,232,360,LP001380,"",Yes,Rural,Yes,Test
4750,3583,1,0,Not Graduate,Male,144,360,LP001386,"",Yes,Semiurban,No,Test
3583,3435,1,0,Graduate,Male,155,360,LP001400,"",No,Urban,No,Test
3189,2367,1,0,Graduate,Male,186,360,LP001407,"",Yes,Urban,No,Test
6356,0,1,0,Graduate,Male,50,360,LP001413,"",No,Rural,Yes,Test
3413,4053,1,1,Graduate,Male,127.97282409668,360,LP001415,"",Yes,Semiurban,No,Test
7950,0,1,0,Graduate,Female,185,360,LP001419,"",Yes,Urban,No,Test
3829,1103,0,3+,Graduate,Male,163,360,LP001420,"",Yes,Urban,No,Test
72529,0,1,3+,Graduate,Male,360,360,LP001428,"",Yes,Urban,No,Test
4136,0,0,2,Not Graduate,Male,149,480,LP001445,"",Yes,Rural,No,Test
8449,0,1,0,Graduate,Male,257,360,LP001446,"",Yes,Rural,No,Test
4456,0,0,0,Graduate,Male,131,180,LP001450,"",Yes,Semiurban,No,Test
4635,8000,1,2,Graduate,Male,102,180,LP001452,"",Yes,Rural,No,Test
3571,1917,1,0,Graduate,Male,135,360,LP001455,"",Yes,Urban,No,Test
3066,0,1,0,Graduate,Male,95,360,LP001466,"",No,Semiurban,No,Test
3235,2015,1,2,Not Graduate,Male,77,360,LP001471,"",No,Semiurban,No,Test
5058,0,1,0,Graduate,Female,200,360,LP001472,"",No,Rural,"",Test
3188,2286,0.670660972595215,0,Graduate,Male,130,360,LP001475,"",Yes,Rural,Yes,Test
13518,0,1,3+,Graduate,Male,390,360,LP001483,"",Yes,Rural,No,Test
4364,2500,1,1,Graduate,Male,185,360,LP001486,"",Yes,Semiurban,No,Test
4766,1646,1,2,Not Graduate,Male,100,360,LP001490,"",Yes,Semiurban,No,Test
4609,2333,0,1,Graduate,Male,123,360,LP001496,"",Yes,Semiurban,No,Test
6260,0,1,3+,Graduate,Female,110,360,LP001499,"",Yes,Semiurban,No,Test
3333,4200,1,1,Graduate,Male,256,360,LP001500,"",Yes,Urban,No,Test
3500,3250,1,0,Graduate,Male,140,360,LP001501,"",Yes,Semiurban,No,Test
9719,0,1,3+,Graduate,Male,61,360,LP001517,"",Yes,Urban,No,Test
6835,0,0.700153112411499,3+,Graduate,Male,188,360,LP001527,"",Yes,Semiurban,No,Test
4452,0,1,0,Graduate,Male,131,360,LP001534,"",No,Rural,No,Test
2262,0,0,0,Graduate,Female,120.60034942627,480,LP001542,"",Yes,Semiurban,No,Test
3901,0,1,1,Graduate,Male,116,360,LP001547,"",Yes,Urban,No,Test
2687,0,1,2,Not Graduate,Male,50,180,LP001548,"",Yes,Rural,No,Test
2243,2233,0.694383502006531,0,Graduate,Male,107,360,LP001558,"",No,Semiurban,No,Test
3417,1287,1,0,Graduate,Female,200,360,LP001561,"",Yes,Semiurban,No,Test
1596,1760,0,0,Graduate,"",119,360,LP001563,"",No,Urban,No,Test
4513,0,1,3+,Graduate,Male,120,360,LP001567,"",Yes,Rural,No,Test
4500,0,1,0,Graduate,Male,140,360,LP001568,"",Yes,Semiurban,No,Test
4523,1350,1,0,Not Graduate,Male,165,360,LP001573,"",Yes,Urban,No,Test
4742,0,1,0,Graduate,Female,108,360,LP001584,"",No,Semiurban,Yes,Test
4082,0,1,"",Graduate,Male,93,360,LP001587,"",Yes,Semiurban,No,Test
3417,0,1,0,Graduate,Female,102,360,LP001589,"",No,Urban,No,Test
2922,3396,1,2,Graduate,Female,122,360,LP001591,"",Yes,Semiurban,No,Test
4167,4754,1,0,Graduate,Male,160,360,LP001599,"",Yes,Rural,No,Test
4243,4123,0.698135852813721,3+,Graduate,Male,157,360,LP001601,"",No,Semiurban,No,Test
0,1760,1,0,Not Graduate,Female,180,360,LP001607,"",No,Semiurban,No,Test
1516,2900,0,1,Graduate,Male,80,232.680633544922,LP001611,"",Yes,Rural,No,Test
1762,2666,0,0,Graduate,Female,104,360,LP001613,"",No,Urban,No,Test
724,3510,0,2,Graduate,Male,213,360,LP001622,"",Yes,Rural,No,Test
3125,0,1,0,Graduate,Male,65,360,LP001627,"",No,Urban,No,Test
2333,3803,1,0,Graduate,Male,146,360,LP001650,"",Yes,Rural,No,Test
3350,1560,1,3+,Graduate,Male,135,360,LP001651,"",Yes,Urban,No,Test
2500,6414,0,0,Graduate,Male,187,360,LP001652,"",No,Rural,No,Test
12500,0,0,0,Graduate,Female,300,360,LP001655,"",No,Urban,No,Test
4667,0,1,0,Graduate,Male,120,360,LP001660,"",No,Semiurban,No,Test
6500,0,0,0,Graduate,Male,71,360,LP001662,"",No,Urban,No,Test
7500,0,1,2,Graduate,Male,225,360,LP001663,"",Yes,Urban,No,Test
3073,0,1,0,Graduate,Male,70,180,LP001667,"",No,Urban,No,Test
3321,2088,1,1,Not Graduate,Male,70,263.110382080078,LP001695,"",Yes,Semiurban,No,Test
3333,1270,1,0,Graduate,Male,124,360,LP001703,"",Yes,Urban,No,Test
3391,0,1,0,Graduate,Male,132,360,LP001718,"",No,Rural,No,Test
3343,1517,1,1,Graduate,Male,105,360,LP001728,"",Yes,Rural,Yes,Test
3620,0,1,1,Graduate,Female,90,360,LP001735,"",No,Urban,No,Test
4000,0,1,0,Graduate,Male,83,84,LP001737,"",No,Urban,No,Test
4258,0,1,0,Graduate,Male,125,360,LP001739,"",Yes,Urban,No,Test
4500,0,1,2,Graduate,Male,147,360,LP001742,"",Yes,Rural,No,Test
2014,2925,1,1,Graduate,Male,120,360,LP001757,"",Yes,Rural,No,Test
3333,1250,1,"",Graduate,"",110,360,LP001769,"",No,Semiurban,No,Test
4083,0,0.694216132164001,3+,Graduate,Female,103,360,LP001771,"",No,Semiurban,No,Test
4727,0,0,0,Graduate,Male,150,360,LP001785,"",No,Rural,No,Test
3089,2999,1,3+,Graduate,Male,100,240,LP001787,"",Yes,Rural,No,Test
6794,528,0,3+,Not Graduate,Male,139,360,LP001789,"",Yes,Urban,"",Test
32000,0,0.727766573429108,0,Graduate,Male,550,360,LP001791,"",Yes,Semiurban,Yes,Test
10890,0,1,2,Graduate,Male,260,12,LP001794,"",Yes,Rural,Yes,Test
12941,0,1,0,Graduate,Female,150,300,LP001797,"",No,Urban,No,Test
3276,0,1,0,Not Graduate,Male,90,360,LP001815,"",No,Semiurban,No,Test
8703,0,0,0,Not Graduate,Male,199,360,LP001817,"",No,Rural,Yes,Test
4742,717,1,1,Graduate,Male,139,360,LP001818,"",Yes,Semiurban,No,Test
5900,0,1,0,Graduate,Male,150,360,LP001822,"",No,Urban,No,Test
3071,4309,1,0,Graduate,Male,180,360,LP001827,"",No,Urban,No,Test
2783,1456,1,0,Graduate,Male,113,360,LP001831,"",Yes,Urban,No,Test
5000,0,1,0,Graduate,Male,148,360,LP001842,"",No,Rural,No,Test
2463,2360,0,1,Not Graduate,Male,117,360,LP001853,"",Yes,Urban,No,Test
4855,0,1,2,Graduate,Male,72,360,LP001855,"",Yes,Rural,No,Test
1599,2474,1,0,Not Graduate,Male,125,300,LP001857,"",No,Semiurban,Yes,Test
4246,4246,1,2,Graduate,Male,214,360,LP001862,"",Yes,Urban,Yes,Test
4333,2291,1,0,Graduate,Male,133,350,LP001867,"",Yes,Rural,No,Test
5823,2529,1,1,Graduate,Male,187,360,LP001878,"",No,Semiurban,No,Test
7895,0,1,0,Not Graduate,Male,143,360,LP001881,"",Yes,Rural,No,Test
4150,4256,1,0,Graduate,Male,209,360,LP001886,"",No,Rural,No,Test
2964,0,0,0,Graduate,Male,84,360,LP001906,"",No,Semiurban,"",Test
5583,0,1,0,Graduate,Male,116,360,LP001909,"",No,Urban,No,Test
2708,0,1,0,Graduate,Female,65,360,LP001911,"",No,Rural,No,Test
3180,2370,0.622600793838501,1,Graduate,Male,80,240,LP001921,"",No,Rural,No,Test
2268,0,0,0,Not Graduate,Male,170,360,LP001923,"",No,Semiurban,No,Test
1141,2017,0,2,Not Graduate,Male,120,360,LP001933,"",No,Urban,No,Test
3042,3167,1,0,Graduate,Male,135,360,LP001943,"",Yes,Urban,No,Test
1750,2935,0,3+,Graduate,Female,94,360,LP001950,"",Yes,Semiurban,"",Test
3564,0,1,1,Graduate,Female,79,360,LP001959,"",Yes,Rural,No,Test
3958,0,1,0,Graduate,Female,110,360,LP001961,"",No,Rural,No,Test
4483,0,1,2,Not Graduate,Male,130,360,LP001973,"",Yes,Rural,No,Test
5225,0,1,0,Graduate,Male,143,360,LP001975,"",Yes,Rural,No,Test
3017,2845,0,0,Graduate,Male,159,180,LP001979,"",No,Urban,No,Test
2431,1820,0,0,Not Graduate,Male,110,360,LP001995,"",Yes,Rural,No,Test
4912,4614,1,2,Graduate,Male,160,360,LP001999,"",Yes,Rural,"",Test
2500,3333,1,2,Not Graduate,Male,131,360,LP002007,"",Yes,Urban,No,Test
2918,0,0.666204154491425,0,Graduate,Female,65,360,LP002009,"",No,Rural,No,Test
5128,0,1,2,Graduate,Male,143,360,LP002016,"",Yes,Rural,No,Test
15312,0,0.720257520675659,3+,Graduate,Male,187,360,LP002017,"",Yes,Urban,No,Test
3958,2632,1,2,Graduate,Male,160,360,LP002018,"",Yes,Semiurban,No,Test
4334,2945,1,0,Graduate,Male,165,360,LP002027,"",Yes,Semiurban,No,Test
4358,0,1,2,Graduate,Male,110,360,LP002028,"",Yes,Urban,No,Test
4000,3917,1,1,Graduate,Female,173,360,LP002042,"",Yes,Rural,No,Test
10166,750,1,3+,Graduate,Male,150,286.797698974609,LP002045,"",Yes,Urban,No,Test
4483,0,0.603782534599304,0,Not Graduate,Male,135,360,LP002046,"",Yes,Semiurban,No,Test
4521,1184,1,2,Not Graduate,Male,150,360,LP002047,"",Yes,Semiurban,No,Test
9167,0,1,2,Graduate,Male,235,360,LP002056,"",Yes,Semiurban,No,Test
13083,0,1,0,Not Graduate,Male,106.640289306641,360,LP002057,"",Yes,Rural,No,Test
7874,3967,1,2,Graduate,Male,336,360,LP002059,"",Yes,Rural,No,Test
4333,0,1,1,Graduate,Female,132,84,LP002062,"",Yes,Rural,No,Test
4083,0,1,0,Graduate,Male,96,360,LP002064,"",No,Urban,No,Test
3785,2912,0,2,Not Graduate,Male,180,360,LP002069,"",Yes,Rural,"",Test
2654,1998,0,3+,Not Graduate,Male,128,360,LP002070,"",Yes,Rural,No,Test
10000,2690,1,1,Graduate,Male,412,360,LP002077,"",Yes,Semiurban,No,Test
5833,0,1,0,Graduate,Male,116,360,LP002083,"",No,Urban,Yes,Test
4796,0,0,1,Graduate,Male,114,360,LP002090,"",Yes,Semiurban,No,Test
2000,1600,1,0,Not Graduate,Male,115,360,LP002096,"",Yes,Rural,No,Test
2540,700,0,2,Graduate,Male,104,360,LP002099,"",Yes,Urban,No,Test
1900,1442,1,0,Graduate,Male,88,360,LP002102,"",Yes,Rural,Yes,Test
8706,0,1,0,Graduate,Male,108,480,LP002105,"",Yes,Rural,Yes,Test
2855,542,1,3+,Not Graduate,Male,90,360,LP002107,"",Yes,Urban,No,Test
3016,1300,0.712672233581543,"",Graduate,Male,100,360,LP002111,"",Yes,Urban,No,Test
3159,2374,1,0,Graduate,Female,108,360,LP002117,"",Yes,Semiurban,No,Test
1937,1152,1,0,Graduate,Female,78,360,LP002118,"",No,Semiurban,No,Test
2613,2417,1,0,Graduate,Male,123,360,LP002123,"",Yes,Semiurban,No,Test
4960,2600,1,1,Graduate,Male,187,360,LP002125,"",Yes,Semiurban,No,Test
3074,1083,1,1,Graduate,Male,146,360,LP002148,"",Yes,Semiurban,No,Test
4213,0,1,0,Graduate,Female,80,360,LP002152,"",No,Urban,No,Test
2038,4027,1,1,Not Graduate,"",100,360,LP002165,"",No,Rural,No,Test
2362,0,1,0,Graduate,Female,55,360,LP002167,"",No,Urban,No,Test
5333,2400,0,0,Graduate,Male,200,360,LP002168,"",No,Rural,No,Test
5384,0,1,3+,Graduate,Male,150,360,LP002172,"",Yes,Semiurban,Yes,Test
5708,0,1,0,Graduate,Male,150,360,LP002176,"",No,Rural,No,Test
3754,3719,1,0,Not Graduate,Male,118,261.139007568359,LP002183,"",Yes,Rural,No,Test
2914,2130,1,0,Not Graduate,Male,150,300,LP002184,"",Yes,Urban,No,Test
2747,2458,1,0,Not Graduate,Male,118,36,LP002186,"",Yes,Semiurban,No,Test
7830,2183,1,0,Graduate,Male,212,360,LP002192,"",Yes,Rural,No,Test
3507,3148,1,1,Graduate,Male,212,360,LP002195,"",Yes,Rural,Yes,Test
3747,2139,1,1,Graduate,Male,125,360,LP002208,"",Yes,Urban,No,Test
2166,2166,0.713127732276917,0,Graduate,Male,108,360,LP002212,"",Yes,Urban,No,Test
3500,2168,1,0,Not Graduate,Male,149,360,LP002240,"",Yes,Rural,No,Test
2896,0,1,2,Not Graduate,Male,80,480,LP002245,"",Yes,Urban,No,Test
5062,0,1,1,Graduate,Female,152,300,LP002253,"",No,Rural,No,Test
5184,0,0,2,Graduate,Female,187,360,LP002256,"",No,Semiurban,Yes,Test
2545,0,1,0,Graduate,Female,74,360,LP002257,"",No,Urban,No,Test
2553,1768,1,0,Graduate,Male,102,360,LP002264,"",Yes,Urban,No,Test
3436,3809,1,1,Graduate,Male,100,360,LP002270,"",Yes,Rural,No,Test
2412,2755,1,0,Graduate,Male,130,360,LP002279,"",No,Rural,No,Test
5180,0,0,3+,Not Graduate,Male,125,360,LP002286,"",Yes,Urban,No,Test
14911,14507,1,0,Graduate,Male,130,360,LP002294,"",No,Semiurban,No,Test
2860,2988,1,0,Graduate,"",138,360,LP002298,"",No,Urban,Yes,Test
1173,1594,1,0,Graduate,Male,28,180,LP002306,"",Yes,Rural,No,Test
7600,0,1,1,Graduate,Female,92,360,LP002310,"",No,Semiurban,No,Test
2157,1788,1,0,Graduate,Female,104,360,LP002311,"",Yes,Urban,No,Test
2231,2774,0,0,Graduate,Male,176,360,LP002316,"",No,Urban,No,Test
2274,5211,0,0,Graduate,Female,117,360,LP002321,"",No,Semiurban,No,Test
6166,13983,1,2,Not Graduate,Male,102,360,LP002325,"",Yes,Rural,No,Test
2513,1110,1,2,Not Graduate,Male,107,360,LP002326,"",Yes,Semiurban,No,Test
4333,0,1,0,Graduate,Male,66,480,LP002329,"",No,Urban,No,Test
3844,0,1,0,Not Graduate,Male,105,360,LP002333,"",No,Urban,No,Test
3887,1517,0,0,Graduate,Male,105,360,LP002339,"",Yes,Semiurban,No,Test
3510,828,1,0,Graduate,Male,105,360,LP002344,"",Yes,Semiurban,No,Test
2539,1704,0,0,Graduate,Male,125,360,LP002346,"",Yes,Rural,"",Test
2107,0,1,0,Not Graduate,Female,64,360,LP002354,"",No,Semiurban,No,Test
3186,3145,0,0,Graduate,"",150,180,LP002355,"",Yes,Semiurban,No,Test
5000,2166,1,2,Graduate,Male,150,360,LP002358,"",Yes,Urban,Yes,Test
10000,0,1,"",Graduate,Male,127.19401550293,360,LP002360,"",Yes,Urban,No,Test
3943,0,1,0,Not Graduate,Male,64,360,LP002375,"",Yes,Semiurban,Yes,Test
2925,0,1,0,Graduate,Male,40,180,LP002376,"",No,Rural,No,Test
3242,437,0,3+,Graduate,Male,142,480,LP002383,"",Yes,Urban,No,Test
3863,0,1,"",Graduate,Male,70,300,LP002385,"",Yes,Semiurban,No,Test
4028,0,1,1,Graduate,Female,131,360,LP002389,"",No,Semiurban,No,Test
4010,1025,1,2,Graduate,Male,120,360,LP002394,"",Yes,Urban,No,Test
3719,1585,1,1,Graduate,Female,114,360,LP002397,"",Yes,Urban,No,Test
2858,0,0,0,Graduate,Male,123,360,LP002399,"",No,Rural,"",Test
3833,0,1,0,Graduate,Female,92,360,LP002400,"",Yes,Rural,No,Test
3333,4288,1,0,Graduate,Male,160,360,LP002402,"",Yes,Urban,No,Test
3007,3725,1,0,Graduate,Male,151,360,LP002412,"",Yes,Rural,No,Test
1850,4583,0.667517304420471,1,Graduate,Female,81,360,LP002415,"",No,Rural,"",Test
2792,2619,1,3+,Not Graduate,Male,171,360,LP002417,"",Yes,Semiurban,No,Test
2982,1550,1,0,Graduate,Male,110,360,LP002420,"",Yes,Semiurban,No,Test
3417,738,0.668614625930786,0,Graduate,Male,100,360,LP002425,"",No,Rural,No,Test
18840,0,1,1,Graduate,Male,234,360,LP002433,"",Yes,Rural,No,Test
2995,1120,1,2,Graduate,Male,184,360,LP002440,"",Yes,Rural,No,Test
3579,3308,0.696716666221619,"",Graduate,Male,138,360,LP002441,"",No,Semiurban,No,Test
3835,1400,0,1,Not Graduate,Female,112,480,LP002442,"",Yes,Urban,No,Test
3854,3575,1,1,Not Graduate,Female,117,360,LP002445,"",No,Rural,No,Test
5833,750,0,2,Graduate,Male,49,360,LP002450,"",Yes,Rural,No,Test
3508,0,1,0,Graduate,Male,99,360,LP002471,"",No,Rural,No,Test
1635,2444,1,3+,Not Graduate,Female,99,360,LP002476,"",Yes,Urban,No,Test
3333,3916,1,0,Graduate,Female,212,360,LP002482,"",No,Rural,Yes,Test
24797,0,1,1,Graduate,Male,240,360,LP002485,"",No,Semiurban,No,Test
5667,440,0,2,Graduate,Male,130,360,LP002495,"",Yes,Semiurban,No,Test
3500,0,0,0,Graduate,Female,94,360,LP002496,"",No,Semiurban,No,Test
2773,1497,1,3+,Graduate,Male,108,360,LP002523,"",Yes,Semiurban,No,Test
6500,0,1,0,Graduate,Male,144,360,LP002542,"",Yes,Urban,"",Test
5769,0,1,0,Graduate,Female,110,180,LP002550,"",No,Semiurban,No,Test
3634,910,0,3+,Not Graduate,Male,176,360,LP002551,"",Yes,Semiurban,"",Test
29167,0,1,0,Graduate,"",185,360,LP002553,"",No,Semiurban,No,Test
2166,2057,1,0,Graduate,Male,122,360,LP002554,"",No,Semiurban,No,Test
5000,0,1,0,Graduate,Male,126,360,LP002561,"",Yes,Rural,No,Test
5530,0,0.715222656726837,0,Graduate,Female,135,360,LP002566,"",No,Urban,No,Test
9000,0,1,0,Not Graduate,Male,122,360,LP002568,"",No,Rural,No,Test
10000,11666,1,2,Graduate,Female,460,360,LP002570,"",Yes,Urban,No,Test
8750,0,1,1,Graduate,Male,297,360,LP002572,"",Yes,Urban,"",Test
2157,2730,0.578611791133881,0,Not Graduate,Male,140,360,LP002581,"",Yes,Rural,No,Test
1972,4347,1,0,Graduate,Male,106,360,LP002584,"",No,Rural,"",Test
4983,0,1,0,Graduate,Male,141,360,LP002592,"",No,Urban,No,Test
8333,4000,1,1,Graduate,Male,127.746353149414,360,LP002593,"",Yes,Urban,No,Test
3667,2000,1,0,Graduate,Male,170,360,LP002599,"",Yes,Semiurban,No,Test
3166,2833,1,2,Graduate,Male,145,360,LP002604,"",Yes,Urban,No,Test
3271,0,1,0,Not Graduate,Male,90,360,LP002605,"",No,Rural,No,Test
2241,2000,0,0,Graduate,Female,88,360,LP002609,"",Yes,Urban,No,Test
1792,2565,1,1,Not Graduate,Male,128,360,LP002610,"",Yes,Urban,"",Test
2666,0,1,0,Graduate,Female,84,480,LP002612,"",Yes,Semiurban,No,Test
6478,0,1,0,Graduate,"",108,360,LP002614,"",No,Semiurban,No,Test
3808,0,1,0,Not Graduate,Male,83,360,LP002630,"",No,Rural,"",Test
3729,0,1,2,Not Graduate,Female,117,360,LP002635,"",Yes,Semiurban,No,Test
4120,0,1,2,Graduate,Male,128,360,LP002639,"",Yes,Rural,No,Test
7500,0,1,1,Graduate,Male,75,360,LP002644,"",Yes,Urban,Yes,Test
6300,0,0,1,Graduate,Male,125,360,LP002651,"",Yes,Urban,"",Test
14987,0,1,"",Graduate,Female,177,360,LP002654,"",No,Rural,Yes,Test
570,2125,1,1,Not Graduate,"",68,360,LP002657,"",Yes,Rural,Yes,Test
2600,700,1,0,Graduate,Male,96,360,LP002711,"",Yes,Semiurban,No,Test
2733,1083,0.606481194496155,2,Not Graduate,Male,180,360,LP002712,"",No,Semiurban,No,Test
7500,0,1,2,Graduate,Male,183,360,LP002721,"",Yes,Rural,Yes,Test
3859,0,1,2,Not Graduate,Male,121,360,LP002735,"",Yes,Rural,No,Test
6825,0,1,1,Graduate,Male,162,360,LP002744,"",Yes,Rural,No,Test
3708,4700,1,0,Graduate,Male,132,360,LP002745,"",Yes,Semiurban,No,Test
5314,0,1,0,Graduate,Male,147,360,LP002746,"",No,Urban,No,Test
2366,5272,0,3+,Graduate,Female,153,360,LP002747,"",No,Rural,No,Test
2066,2108,1,"",Graduate,Male,104,84,LP002754,"",No,Urban,No,Test
5000,0,1,2,Graduate,Male,149,360,LP002759,"",Yes,Rural,No,Test
3767,0,1,0,Graduate,Female,134,300,LP002760,"",No,Urban,No,Test
7859,879,1,0,Graduate,Female,165,180,LP002766,"",Yes,Semiurban,No,Test
4283,0,1,0,Graduate,Female,120,360,LP002769,"",Yes,Rural,No,Test
1700,2900,0,0,Not Graduate,Male,67,360,LP002774,"",Yes,Urban,No,Test
4768,0,1,0,Not Graduate,"",125,360,LP002775,"",No,Rural,No,Test
3083,2738,1,0,Graduate,Male,120,360,LP002781,"",No,Urban,No,Test
2667,1542,1,1,Graduate,Male,148,360,LP002782,"",Yes,Rural,No,Test
1647,1762,1,0,Not Graduate,Female,181,360,LP002786,"",Yes,Urban,No,Test
3400,0,1,3+,Graduate,Male,80,120,LP002790,"",Yes,Urban,No,Test
16000,5000,1,1,Graduate,Male,40,360,LP002791,"",No,Semiurban,"",Test
5333,0,1,0,Graduate,Male,90,360,LP002793,"",Yes,Rural,No,Test
2875,2416,0,0,Graduate,Male,95,6,LP002802,"",No,Semiurban,No,Test
2600,618,1,1,Not Graduate,Male,122,360,LP002803,"",Yes,Semiurban,"",Test
5041,700,1,2,Graduate,Male,150,360,LP002805,"",Yes,Urban,No,Test
6958,1411,1,3+,Graduate,Male,150,360,LP002806,"",Yes,Rural,Yes,Test
3500,1658,0.694349527359009,1,Graduate,Male,104,360,LP002816,"",Yes,Semiurban,No,Test
5509,0,1,0,Graduate,Male,143,360,LP002823,"",Yes,Rural,No,Test
9699,0,1,3+,Graduate,Male,300,360,LP002825,"",Yes,Urban,No,Test
3621,2717,1,1,Not Graduate,Female,171,360,LP002826,"",Yes,Urban,No,Test
4709,0,1,0,Graduate,Female,113,360,LP002843,"",Yes,Semiurban,No,Test
1516,1951,1,0,Graduate,Male,35,360,LP002849,"",Yes,Semiurban,No,Test
2400,0,1,2,Graduate,Male,46,360,LP002850,"",No,Urban,No,Test
3015,2000,0.623076021671295,0,Not Graduate,Female,145,360,LP002853,"",No,Urban,No,Test
2292,1558,1,0,Graduate,Male,119,360,LP002856,"",Yes,Urban,No,Test
2360,3355,1,1,Graduate,Male,87,240,LP002857,"",Yes,Rural,Yes,Test
4333,2333,0,0,Graduate,Female,162,360,LP002858,"",No,Rural,No,Test
2623,4831,1,0,Graduate,Male,122,180,LP002860,"",Yes,Semiurban,Yes,Test
3972,4275,1,0,Graduate,Male,187,360,LP002867,"",No,Rural,Yes,Test
3522,0,1,3+,Not Graduate,Male,81,180,LP002869,"",Yes,Rural,No,Test
4700,0,1,1,Graduate,Male,80,360,LP002870,"",Yes,Urban,No,Test
6858,0,1,0,Graduate,Male,176,360,LP002876,"",No,Rural,No,Test
8334,0,1,3+,Graduate,Male,260,360,LP002878,"",Yes,Urban,No,Test
3391,1966,0,0,Graduate,Male,133,360,LP002879,"",Yes,Rural,No,Test
2868,0,1,0,Not Graduate,Male,70,360,LP002885,"",No,Urban,No,Test
3418,1380,1,2,Not Graduate,Male,135,360,LP002890,"",Yes,Urban,No,Test
2500,296,1,0,Graduate,Male,137,300,LP002891,"",Yes,Rural,Yes,Test
8667,0,1,2,Graduate,Male,254,360,LP002899,"",Yes,Rural,No,Test
2283,15000,0.670267224311829,0,Graduate,Male,106,360,LP002901,"",No,Rural,No,Test
5817,910,1,0,Graduate,Male,109,360,LP002907,"",Yes,Urban,No,Test
5119,3769,1,0,Graduate,Male,120,360,LP002920,"",Yes,Rural,No,Test
5316,187,0,3+,Not Graduate,Male,158,180,LP002921,"",Yes,Semiurban,No,Test
7603,1213,1,3+,Graduate,Male,197,360,LP002932,"",Yes,Urban,No,Test
3791,1936,1,1,Graduate,Male,85,360,LP002935,"",Yes,Urban,No,Test
2500,0,1,0,Graduate,Male,60,360,LP002952,"",No,Urban,No,Test
3132,0,0.574389278888702,2,Not Graduate,Male,76,360,LP002954,"",Yes,Rural,No,Test
4000,2667,1,0,Graduate,Male,152,360,LP002962,"",No,Semiurban,No,Test
8550,4255,0.713677167892456,0,Graduate,Female,96,360,LP002965,"",Yes,Urban,No,Test
2269,2167,1,1,Graduate,Male,99,360,LP002969,"",Yes,Semiurban,No,Test
4009,1777,1,3+,Not Graduate,Male,113,360,LP002971,"",Yes,Urban,Yes,Test
4158,709,1,0,Graduate,Male,115,360,LP002975,"",Yes,Urban,No,Test
3250,1993,0.695753872394562,0,Graduate,Male,126,360,LP002980,"",No,Semiurban,No,Test
5000,2393,1,0,Graduate,Male,158,360,LP002986,"",Yes,Rural,No,Test
9200,0,1,0,Graduate,Male,98,180,LP002989,"",No,Rural,Yes,Test
